table_schema,table_name,column_name,ordinal_position,data_type,is_nullable
olist,items,order_id,1,VARCHAR,YES
olist,items,item_count,2,BIGINT,YES
olist,items,seller_count,3,BIGINT,YES
olist,items,order_price_total,4,DOUBLE,YES
olist,items,order_freight_total,5,DOUBLE,YES
olist,items,order_total,6,DOUBLE,YES
olist,items,price_per_item,7,DOUBLE,YES
olist,items,freight_to_price_ratio,8,DOUBLE,YES
olist,items,mono_seller,9,BOOLEAN,YES
olist,order_items,order_id,1,VARCHAR,YES
olist,order_items,order_item_id,2,BIGINT,YES
olist,order_items,product_id,3,VARCHAR,YES
olist,order_items,seller_id,4,VARCHAR,YES
olist,order_items,shipping_limit_date,5,VARCHAR,YES
olist,order_items,price,6,DOUBLE,YES
olist,order_items,freight_value,7,DOUBLE,YES
olist,orders,order_id,1,VARCHAR,YES
olist,orders,customer_id,2,VARCHAR,YES
olist,orders,order_status,3,VARCHAR,YES
olist,orders,order_purchase_timestamp,4,TIMESTAMP_NS,YES
olist,orders,order_approved_at,5,TIMESTAMP_NS,YES
olist,orders,order_delivered_carrier_date,6,TIMESTAMP_NS,YES
olist,orders,order_delivered_customer_date,7,TIMESTAMP_NS,YES
olist,orders,order_estimated_delivery_date,8,TIMESTAMP_NS,YES
olist,orders,delivery_days,9,DOUBLE,YES
olist,orders,estimated_days,10,DOUBLE,YES
olist,orders,delay_vs_estimated,11,DOUBLE,YES
olist,orders,on_time,12,BOOLEAN,YES
olist,orders,late_days,13,DOUBLE,YES
olist,orders,prep_hours,14,DOUBLE,YES
olist,orders,transit_days,15,DOUBLE,YES
olist,orders,order_year,16,BIGINT,YES
olist,orders,order_month,17,VARCHAR,YES
olist,orders,order_week,18,BIGINT,YES
olist,orders,order_dow,19,BIGINT,YES
olist,orders,purchase_hour,20,BIGINT,YES
olist,orders,is_weekend_purchase,21,BOOLEAN,YES
olist,orders,delay_bucket,22,VARCHAR,YES
olist,orders,delivery_days_bucket,23,VARCHAR,YES
olist,products_en,product_id,1,VARCHAR,YES
olist,products_en,product_category_name,2,VARCHAR,YES
olist,products_en,product_name_lenght,3,DOUBLE,YES
olist,products_en,product_description_lenght,4,DOUBLE,YES
olist,products_en,product_photos_qty,5,DOUBLE,YES
olist,products_en,product_weight_g,6,DOUBLE,YES
olist,products_en,product_length_cm,7,DOUBLE,YES
olist,products_en,product_height_cm,8,DOUBLE,YES
olist,products_en,product_width_cm,9,DOUBLE,YES
olist,products_en,product_category_name_english,10,VARCHAR,YES
olist,products_en,volume_cm3,11,DOUBLE,YES
olist,products_en,weight_kg,12,DOUBLE,YES
olist,products_en,density_g_cm3,13,DOUBLE,YES
olist,reviews,order_id,1,VARCHAR,YES
olist,reviews,review_score,2,BIGINT,YES
olist,reviews,review_creation_date,3,VARCHAR,YES
olist,reviews,review_answer_timestamp,4,TIMESTAMP_NS,YES
olist,reviews,review_low,5,BOOLEAN,YES
olist,reviews,review_high,6,BOOLEAN,YES
olist,reviews,time_to_answer_hours,7,DOUBLE,YES
olist,sellers,seller_id,1,VARCHAR,YES
olist,sellers,seller_zip_code_prefix,2,BIGINT,YES
olist,sellers,seller_city,3,VARCHAR,YES
olist,sellers,seller_state,4,VARCHAR,YES
olist,vw_categories,product_category_name_english,1,VARCHAR,YES
olist,vw_categories,order_year,2,BIGINT,YES
olist,vw_categories,order_month,3,VARCHAR,YES
olist,vw_categories,category_items,4,BIGINT,YES
olist,vw_categories,category_orders,5,BIGINT,YES
olist,vw_categories,category_gmv,6,DOUBLE,YES
olist,vw_categories,category_freight,7,DOUBLE,YES
olist,vw_customer_satisfaction,order_id,1,VARCHAR,YES
olist,vw_customer_satisfaction,review_score,2,BIGINT,YES
olist,vw_customer_satisfaction,review_creation_date,3,TIMESTAMP,YES
olist,vw_customer_satisfaction,review_answer_timestamp,4,TIMESTAMP,YES
olist,vw_customer_satisfaction,review_after_delivery_hours,5,BIGINT,YES
olist,vw_logistics,order_id,1,VARCHAR,YES
olist,vw_logistics,delivery_days,2,DOUBLE,YES
olist,vw_logistics,estimated_days,3,DOUBLE,YES
olist,vw_logistics,delay_vs_estimated,4,DOUBLE,YES
olist,vw_logistics,late_days,5,DOUBLE,YES
olist,vw_logistics,on_time,6,BOOLEAN,YES
olist,vw_logistics,prep_hours,7,DOUBLE,YES
olist,vw_logistics,transit_days,8,DOUBLE,YES
olist,vw_logistics,order_year,9,BIGINT,YES
olist,vw_logistics,order_month,10,VARCHAR,YES
olist,vw_logistics,order_week,11,BIGINT,YES
olist,vw_logistics,order_dow,12,BIGINT,YES
olist,vw_logistics,purchase_hour,13,BIGINT,YES
olist,vw_logistics,is_weekend_purchase,14,BOOLEAN,YES
olist,vw_logistics,delay_bucket,15,VARCHAR,YES
olist,vw_logistics,delivery_days_bucket,16,VARCHAR,YES
olist,vw_logistics,was_delivered,17,BOOLEAN,YES
olist,vw_sales,order_id,1,VARCHAR,YES
olist,vw_sales,items_per_order,2,BIGINT,YES
olist,vw_sales,price,3,DOUBLE,YES
olist,vw_sales,freight_value,4,DOUBLE,YES
olist,vw_sales,order_total_value,5,DOUBLE,YES
olist,vw_sales,seller_count,6,BIGINT,YES
olist,vw_sales,order_year,7,BIGINT,YES
olist,vw_sales,order_month,8,VARCHAR,YES
olist,vw_sales,order_dow,9,BIGINT,YES
olist,vw_sellers,seller_id,1,VARCHAR,YES
olist,vw_sellers,total_orders,2,BIGINT,YES
olist,vw_sellers,total_items,3,BIGINT,YES
olist,vw_sellers,total_gmv,4,DOUBLE,YES
olist,vw_sellers,avg_delivery_days,5,DOUBLE,YES
olist,vw_sellers,avg_delay,6,DOUBLE,YES
olist,vw_sellers,avg_review_score,7,DOUBLE,YES
olist_fmt,categories,product_category_name_english,1,VARCHAR,YES
olist_fmt,categories,order_year,2,INTEGER,YES
olist_fmt,categories,order_month,3,VARCHAR,YES
olist_fmt,categories,category_items,4,INTEGER,YES
olist_fmt,categories,category_orders,5,INTEGER,YES
olist_fmt,categories,category_gmv,6,"DECIMAL(18,2)",YES
olist_fmt,categories,category_freight,7,"DECIMAL(18,2)",YES
olist_fmt,customer_satisfaction,order_id,1,VARCHAR,YES
olist_fmt,customer_satisfaction,review_score,2,INTEGER,YES
olist_fmt,customer_satisfaction,review_creation_date,3,TIMESTAMP,YES
olist_fmt,customer_satisfaction,review_answer_timestamp,4,TIMESTAMP,YES
olist_fmt,customer_satisfaction,review_after_delivery_hours,5,INTEGER,YES
olist_fmt,logistics,order_id,1,VARCHAR,YES
olist_fmt,logistics,delivery_days,2,"DECIMAL(10,2)",YES
olist_fmt,logistics,estimated_days,3,"DECIMAL(10,2)",YES
olist_fmt,logistics,delay_vs_estimated,4,"DECIMAL(10,2)",YES
olist_fmt,logistics,late_days,5,"DECIMAL(10,2)",YES
olist_fmt,logistics,on_time,6,BOOLEAN,YES
olist_fmt,logistics,prep_hours,7,"DECIMAL(10,2)",YES
olist_fmt,logistics,transit_days,8,"DECIMAL(10,2)",YES
olist_fmt,logistics,order_year,9,INTEGER,YES
olist_fmt,logistics,order_month,10,VARCHAR,YES
olist_fmt,logistics,order_week,11,INTEGER,YES
olist_fmt,logistics,order_dow,12,INTEGER,YES
olist_fmt,logistics,purchase_hour,13,INTEGER,YES
olist_fmt,logistics,is_weekend_purchase,14,BOOLEAN,YES
olist_fmt,logistics,delay_bucket,15,VARCHAR,YES
olist_fmt,logistics,delivery_days_bucket,16,VARCHAR,YES
olist_fmt,logistics,was_delivered,17,BOOLEAN,YES
olist_fmt,sales,order_id,1,VARCHAR,YES
olist_fmt,sales,items_per_order,2,INTEGER,YES
olist_fmt,sales,price,3,"DECIMAL(18,2)",YES
olist_fmt,sales,freight_value,4,"DECIMAL(18,2)",YES
olist_fmt,sales,order_total_value,5,"DECIMAL(18,2)",YES
olist_fmt,sales,seller_count,6,INTEGER,YES
olist_fmt,sales,order_year,7,INTEGER,YES
olist_fmt,sales,order_month,8,VARCHAR,YES
olist_fmt,sales,order_dow,9,INTEGER,YES
olist_fmt,sellers,seller_id,1,VARCHAR,YES
olist_fmt,sellers,seller_orders,2,INTEGER,YES
olist_fmt,sellers,seller_items,3,INTEGER,YES
olist_fmt,sellers,seller_gmv,4,"DECIMAL(18,2)",YES
olist_fmt,sellers,seller_avg_delivery_days,5,"DECIMAL(10,2)",YES
olist_fmt,sellers,seller_avg_delay,6,"DECIMAL(10,2)",YES
olist_fmt,sellers,seller_avg_review,7,"DECIMAL(10,2)",YES
