product_category_name_english,order_year,order_month,category_items,category_orders,category_gmv,category_freight
furniture_decor,2016,2016-09,2,1,72.89,63.34
health_beauty,2016,2016-09,3,1,134.97,8.49
telephony,2016,2016-09,1,1,59.5,15.56
air_conditioning,2016,2016-10,10,5,1707.0900000000001,197.81999999999994
audio,2016,2016-10,2,2,156.99,26.04
auto,2016,2016-10,10,9,1053.27,208.64000000000001
baby,2016,2016-10,14,11,1630.1600000000003,188.92000000000004
bed_bath_table,2016,2016-10,8,5,478.9899999999999,127.58999999999999
books_general_interest,2016,2016-10,1,1,119.5,25.04
books_technical,2016,2016-10,1,1,267.0,32.84
computers_accessories,2016,2016-10,21,18,1399.32,340.77000000000004
consoles_games,2016,2016-10,7,7,1032.29,122.85000000000001
cool_stuff,2016,2016-10,8,8,1111.0,216.10999999999996
diapers_and_hygiene,2016,2016-10,1,1,134.9,16.09
electronics,2016,2016-10,1,1,107.99,11.8
fashio_female_clothing,2016,2016-10,1,1,54.9,14.73
fashion_bags_accessories,2016,2016-10,9,8,508.29999999999995,148.19
fashion_male_clothing,2016,2016-10,1,1,24.9,10.96
fashion_shoes,2016,2016-10,1,1,29.99,10.96
fixed_telephony,2016,2016-10,5,5,704.88,69.57
food,2016,2016-10,1,1,79.9,16.33
furniture_decor,2016,2016-10,66,50,5067.91,1199.5699999999997
garden_tools,2016,2016-10,5,5,1359.8799999999999,105.31000000000002
health_beauty,2016,2016-10,48,44,4552.509999999999,940.8699999999997
housewares,2016,2016-10,12,9,1287.0700000000002,255.47
industry_commerce_and_business,2016,2016-10,4,3,359.6,73.96000000000001
market_place,2016,2016-10,13,7,1306.19,272.99000000000007
office_furniture,2016,2016-10,4,4,433.92,106.33
perfumery,2016,2016-10,33,30,5688.699999999999,535.14
pet_shop,2016,2016-10,4,4,689.68,86.18
sports_leisure,2016,2016-10,17,17,1384.6500000000003,323.6
telephony,2016,2016-10,10,9,500.0799999999999,133.89999999999998
toys,2016,2016-10,27,25,4465.089999999999,520.9899999999999
watches_gifts,2016,2016-10,4,4,1961.2400000000002,83.25
NULL,2016,2016-10,2,2,65.89,30.03
fashion_bags_accessories,2016,2016-12,1,1,10.9,8.72
agro_industry_and_commerce,2017,2017-01,3,2,65.97,41.79
air_conditioning,2017,2017-01,4,3,663.7,74.66
auto,2017,2017-01,34,30,5218.529999999998,625.6800000000002
baby,2017,2017-01,40,31,4463.869999999999,715.06
bed_bath_table,2017,2017-01,48,45,3960.160000000002,857.1100000000002
books_general_interest,2017,2017-01,2,2,234.89,36.66
computers_accessories,2017,2017-01,30,23,1925.1400000000006,429.4599999999999
consoles_games,2017,2017-01,19,17,3134.6600000000003,357.21
construction_tools_construction,2017,2017-01,1,1,310.0,25.0
cool_stuff,2017,2017-01,36,29,5718.869999999997,641.3099999999997
dvds_blu_ray,2017,2017-01,2,1,29.8,18.0
electronics,2017,2017-01,11,11,617.0,155.42999999999998
fashio_female_clothing,2017,2017-01,2,2,77.3,25.51
fashion_bags_accessories,2017,2017-01,35,30,1671.970000000001,464.63999999999993
fashion_male_clothing,2017,2017-01,1,1,126.9,32.21
fashion_shoes,2017,2017-01,1,1,34.9,14.11
fashion_underwear_beach,2017,2017-01,2,2,137.25,33.9
fixed_telephony,2017,2017-01,22,19,677.1200000000001,292.44000000000005
food,2017,2017-01,2,2,42.82,36.0
furniture_bedroom,2017,2017-01,8,8,73.2,75.56
furniture_decor,2017,2017-01,180,135,13104.419999999971,2766.3399999999997
furniture_living_room,2017,2017-01,10,8,1241.9,277.32000000000005
garden_tools,2017,2017-01,58,40,8152.749999999997,1072.4200000000005
health_beauty,2017,2017-01,84,81,11862.319999999987,1442.42
home_appliances_2,2017,2017-01,8,7,2126.6800000000003,141.92
home_comfort_2,2017,2017-01,2,2,72.8,22.770000000000003
housewares,2017,2017-01,28,21,2827.58,442.18000000000006
kitchen_dining_laundry_garden_furniture,2017,2017-01,1,1,110.0,18.2
luggage_accessories,2017,2017-01,5,4,492.5,72.88
market_place,2017,2017-01,6,6,447.03999999999996,101.18
music,2017,2017-01,2,2,19.8,17.44
musical_instruments,2017,2017-01,1,1,339.74,18.0
office_furniture,2017,2017-01,8,6,1158.35,183.43
perfumery,2017,2017-01,34,29,5112.599999999999,541.41
pet_shop,2017,2017-01,15,13,967.1199999999999,215.27
security_and_services,2017,2017-01,1,1,183.29,25.77
small_appliances,2017,2017-01,5,5,821.79,90.5
sports_leisure,2017,2017-01,76,59,6970.719999999995,1414.5899999999992
stationery,2017,2017-01,14,7,1561.9899999999998,192.62000000000003
telephony,2017,2017-01,24,19,1433.88,412.55000000000007
toys,2017,2017-01,43,43,4814.089999999997,756.2900000000002
watches_gifts,2017,2017-01,7,7,1790.3500000000001,134.62
NULL,2017,2017-01,13,11,1702.64,213.09
agro_industry_and_commerce,2017,2017-02,7,7,224.84000000000003,106.25999999999999
air_conditioning,2017,2017-02,10,10,1715.3000000000002,223.05
audio,2017,2017-02,5,5,163.8,84.05000000000001
auto,2017,2017-02,82,73,10012.49999999999,1736.1899999999994
baby,2017,2017-02,33,32,2258.4800000000005,598.4499999999999
bed_bath_table,2017,2017-02,165,146,16282.729999999969,3015.059999999997
books_general_interest,2017,2017-02,8,8,772.7099999999999,177.31
books_imported,2017,2017-02,1,1,99.0,15.9
books_technical,2017,2017-02,1,1,159.0,23.4
cine_photo,2017,2017-02,1,1,59.0,36.24
computers_accessories,2017,2017-02,104,95,7992.699999999995,1666.9700000000005
consoles_games,2017,2017-02,17,17,3604.8800000000006,312.09999999999997
construction_tools_construction,2017,2017-02,3,3,336.79,56.78
construction_tools_safety,2017,2017-02,1,1,379.0,17.86
cool_stuff,2017,2017-02,65,64,9111.699999999993,1275.8299999999997
costruction_tools_garden,2017,2017-02,2,1,579.98,44.7
dvds_blu_ray,2017,2017-02,1,1,14.9,20.8
electronics,2017,2017-02,19,14,1218.8500000000001,336.65000000000003
fashio_female_clothing,2017,2017-02,4,4,457.8,61.97
fashion_bags_accessories,2017,2017-02,39,35,2374.110000000001,576.1399999999999
fashion_male_clothing,2017,2017-02,7,7,642.85,120.17
fashion_shoes,2017,2017-02,3,2,107.05000000000001,50.32000000000001
fashion_underwear_beach,2017,2017-02,8,6,396.97,110.86
fixed_telephony,2017,2017-02,22,18,759.23,365.6600000000001
food,2017,2017-02,9,9,715.63,214.57
furniture_bedroom,2017,2017-02,1,1,450.0,51.88
furniture_decor,2017,2017-02,262,218,20107.21,4949.630000000002
furniture_living_room,2017,2017-02,22,14,2995.629999999999,798.4499999999999
garden_tools,2017,2017-02,69,60,9805.609999999991,1408.3299999999988
health_beauty,2017,2017-02,163,152,20638.790000000026,2791.9299999999994
home_appliances,2017,2017-02,7,7,740.9,114.50000000000001
home_appliances_2,2017,2017-02,1,1,15.99,14.12
home_confort,2017,2017-02,3,3,414.65999999999997,56.61
home_construction,2017,2017-02,4,3,695.6,68.97
housewares,2017,2017-02,80,67,5924.6699999999955,1353.5100000000004
industry_commerce_and_business,2017,2017-02,1,1,119.0,15.94
kitchen_dining_laundry_garden_furniture,2017,2017-02,2,2,139.9,38.43
luggage_accessories,2017,2017-02,21,20,1694.1800000000005,441.98
market_place,2017,2017-02,22,19,1688.2200000000005,434.28000000000003
musical_instruments,2017,2017-02,7,6,725.0300000000001,148.04
office_furniture,2017,2017-02,59,49,8746.009999999995,1796.5800000000006
perfumery,2017,2017-02,51,49,8127.179999999992,817.1000000000001
pet_shop,2017,2017-02,39,36,3049.0800000000004,740.09
small_appliances,2017,2017-02,27,24,5361.579999999998,724.4
sports_leisure,2017,2017-02,153,136,14000.669999999986,2744.679999999998
stationery,2017,2017-02,19,19,2341.4000000000005,304.62999999999994
tablets_printing_image,2017,2017-02,8,8,792.0,148.52000000000004
telephony,2017,2017-02,110,99,5950.089999999993,1712.99
toys,2017,2017-02,63,58,4924.549999999999,1047.8
watches_gifts,2017,2017-02,33,31,6271.979999999999,510.24999999999983
NULL,2017,2017-02,57,51,5054.099999999999,994.0500000000001
agro_industry_and_commerce,2017,2017-03,2,2,81.99000000000001,28.7
air_conditioning,2017,2017-03,14,13,1643.9,233.65
art,2017,2017-03,5,5,223.25,97.59
audio,2017,2017-03,14,13,1134.77,232.62999999999997
auto,2017,2017-03,79,69,9480.169999999993,1593.0100000000007
baby,2017,2017-03,44,43,3724.08,762.25
bed_bath_table,2017,2017-03,287,247,24818.4700000001,4718.320000000005
books_general_interest,2017,2017-03,25,20,2648.96,438.59999999999997
books_technical,2017,2017-03,2,2,75.0,28.740000000000002
computers_accessories,2017,2017-03,167,143,16196.539999999974,2889.0
consoles_games,2017,2017-03,46,44,8178.269999999997,728.8099999999998
construction_tools_construction,2017,2017-03,4,4,773.4,122.02000000000001
construction_tools_safety,2017,2017-03,2,2,380.0,45.760000000000005
cool_stuff,2017,2017-03,119,117,17726.40999999999,2096.06
drinks,2017,2017-03,5,4,463.87,104.56
dvds_blu_ray,2017,2017-03,4,3,453.69999999999993,71.5
electronics,2017,2017-03,37,32,3986.0000000000005,669.1600000000001
fashio_female_clothing,2017,2017-03,1,1,19.9,10.96
fashion_bags_accessories,2017,2017-03,68,62,4861.159999999998,1032.1699999999998
fashion_male_clothing,2017,2017-03,9,7,580.8,140.56
fashion_shoes,2017,2017-03,14,13,1515.0,231.18000000000006
fashion_sport,2017,2017-03,1,1,39.9,14.11
fashion_underwear_beach,2017,2017-03,6,6,394.14,66.48
fixed_telephony,2017,2017-03,21,15,1592.3500000000001,326.78000000000003
food,2017,2017-03,24,22,2667.5600000000004,491.42999999999995
food_drink,2017,2017-03,5,5,110.80000000000001,58.09
furniture_decor,2017,2017-03,325,262,22946.660000000058,5752.45000000001
furniture_living_room,2017,2017-03,24,17,3324.0,711.67
garden_tools,2017,2017-03,143,114,13198.149999999976,2798.8700000000003
health_beauty,2017,2017-03,208,190,23855.250000000036,3405.240000000003
home_appliances,2017,2017-03,10,9,313.29999999999995,152.95
home_appliances_2,2017,2017-03,2,2,500.9,67.53
home_comfort_2,2017,2017-03,3,3,342.88,48.010000000000005
home_confort,2017,2017-03,13,12,2123.4000000000005,257.39
home_construction,2017,2017-03,10,5,591.96,126.73
housewares,2017,2017-03,203,177,13351.819999999969,3601.2200000000003
industry_commerce_and_business,2017,2017-03,2,2,238.0,44.03
kitchen_dining_laundry_garden_furniture,2017,2017-03,3,3,113.98,55.07000000000001
luggage_accessories,2017,2017-03,29,26,3654.2800000000007,706.5899999999998
market_place,2017,2017-03,17,17,1808.5900000000001,267.37000000000006
music,2017,2017-03,1,1,27.99,14.52
musical_instruments,2017,2017-03,10,9,1667.33,220.18
office_furniture,2017,2017-03,71,55,9363.989999999994,2030.51
perfumery,2017,2017-03,106,104,19808.13,1787.2699999999993
pet_shop,2017,2017-03,42,38,4264.0599999999995,667.34
signaling_and_security,2017,2017-03,1,1,75.0,16.23
small_appliances,2017,2017-03,24,24,4181.070000000001,564.1899999999999
sports_leisure,2017,2017-03,193,165,19645.690000000006,3778.2800000000007
stationery,2017,2017-03,56,56,5902.619999999999,1092.27
tablets_printing_image,2017,2017-03,5,5,495.0,92.91000000000001
telephony,2017,2017-03,172,159,8121.04999999998,2610.9100000000008
toys,2017,2017-03,97,94,8599.979999999985,1709.5999999999995
watches_gifts,2017,2017-03,71,66,10967.42,1079.6399999999999
NULL,2017,2017-03,62,56,5714.269999999999,1055.7500000000002
air_conditioning,2017,2017-04,15,13,1782.2800000000002,275.13
art,2017,2017-04,1,1,119.9,27.27
audio,2017,2017-04,11,9,942.1999999999999,161.75000000000003
auto,2017,2017-04,81,74,11518.279999999993,1683.9
baby,2017,2017-04,51,48,3980.4500000000007,882.4000000000001
bed_bath_table,2017,2017-04,272,232,22332.790000000055,4497.09
books_general_interest,2017,2017-04,12,12,923.3799999999999,219.40999999999997
books_imported,2017,2017-04,1,1,19.99,13.44
books_technical,2017,2017-04,1,1,75.0,11.92
christmas_supplies,2017,2017-04,1,1,69.0,24.97
cine_photo,2017,2017-04,2,2,118.0,48.31
computers_accessories,2017,2017-04,130,114,12859.65999999999,2285.9500000000003
consoles_games,2017,2017-04,15,13,1473.0899999999997,230.58000000000004
cool_stuff,2017,2017-04,114,112,14698.279999999984,2024.4800000000005
costruction_tools_garden,2017,2017-04,8,7,1490.2100000000005,190.36
drinks,2017,2017-04,7,2,199.93,129.24
dvds_blu_ray,2017,2017-04,1,1,14.9,15.86
electronics,2017,2017-04,46,46,3322.4399999999996,747.35
fashio_female_clothing,2017,2017-04,1,1,64.9,22.84
fashion_bags_accessories,2017,2017-04,50,46,3219.8,776.9299999999998
fashion_male_clothing,2017,2017-04,7,6,416.68999999999994,87.94
fashion_shoes,2017,2017-04,23,20,1526.5000000000002,419.87
fashion_sport,2017,2017-04,4,4,189.78,54.69
fashion_underwear_beach,2017,2017-04,4,4,98.79,60.879999999999995
fixed_telephony,2017,2017-04,11,7,2998.33,170.44
food,2017,2017-04,8,8,491.3,119.85
food_drink,2017,2017-04,3,2,47.9,32.88
furniture_bedroom,2017,2017-04,4,3,668.97,126.86
furniture_decor,2017,2017-04,197,164,18696.73,3829.41
furniture_living_room,2017,2017-04,11,10,1574.3400000000001,339.76
furniture_mattress_and_upholstery,2017,2017-04,1,1,109.4,21.4
garden_tools,2017,2017-04,115,95,15982.379999999988,2466.3000000000006
health_beauty,2017,2017-04,186,173,20505.750000000025,3177.6799999999994
home_appliances,2017,2017-04,10,9,499.40000000000003,136.17000000000002
home_comfort_2,2017,2017-04,1,1,12.9,10.96
home_confort,2017,2017-04,17,16,2411.100000000001,301.85
home_construction,2017,2017-04,5,5,1602.69,94.24999999999999
housewares,2017,2017-04,181,142,13179.139999999972,3204.43
kitchen_dining_laundry_garden_furniture,2017,2017-04,9,8,1033.3999999999999,248.7
la_cuisine,2017,2017-04,1,1,24.0,10.81
luggage_accessories,2017,2017-04,44,42,5790.699999999997,1097.84
market_place,2017,2017-04,19,19,2126.18,300.28000000000003
music,2017,2017-04,2,2,59.8,29.04
musical_instruments,2017,2017-04,16,16,3818.4300000000003,295.84
office_furniture,2017,2017-04,57,47,8561.31,1698.1300000000003
perfumery,2017,2017-04,105,101,19891.110000000004,1757.87
pet_shop,2017,2017-04,50,45,5372.989999999999,917.83
signaling_and_security,2017,2017-04,3,3,128.06,55.59
small_appliances,2017,2017-04,13,13,1839.99,279.03000000000003
sports_leisure,2017,2017-04,213,193,22163.94000000002,3793.2999999999984
stationery,2017,2017-04,35,35,3907.3400000000015,575.3600000000001
tablets_printing_image,2017,2017-04,11,9,1112.88,199.35000000000002
telephony,2017,2017-04,145,141,7245.869999999984,2278.0999999999985
toys,2017,2017-04,110,100,10919.549999999987,1794.809999999999
watches_gifts,2017,2017-04,87,80,11625.319999999996,1448.0400000000002
NULL,2017,2017-04,68,60,5227.0099999999975,1156.8899999999992
agro_industry_and_commerce,2017,2017-05,2,2,119.98,29.0
air_conditioning,2017,2017-05,8,7,1016.77,169.92
art,2017,2017-05,7,7,468.65,170.64000000000001
arts_and_craftmanship,2017,2017-05,1,1,21.99,7.67
audio,2017,2017-05,17,17,2081.1800000000003,252.01000000000002
auto,2017,2017-05,117,98,11878.35999999999,2414.04
baby,2017,2017-05,107,101,9049.519999999991,1855.789999999999
bed_bath_table,2017,2017-05,367,327,32301.8900000002,6144.430000000006
books_general_interest,2017,2017-05,20,19,1841.5700000000004,357.6
books_technical,2017,2017-05,3,3,262.0,54.46
cine_photo,2017,2017-05,1,1,59.0,32.71
computers_accessories,2017,2017-05,307,250,32765.000000000084,5231.119999999999
consoles_games,2017,2017-05,29,26,2507.1999999999994,440.03999999999996
construction_tools_construction,2017,2017-05,1,1,99.99,49.41
cool_stuff,2017,2017-05,243,232,30854.470000000143,4375.389999999998
costruction_tools_garden,2017,2017-05,8,6,1577.2400000000002,229.30999999999997
costruction_tools_tools,2017,2017-05,1,1,74.9,11.13
drinks,2017,2017-05,1,1,90.0,22.95
dvds_blu_ray,2017,2017-05,4,4,89.6,61.0
electronics,2017,2017-05,66,60,5843.559999999996,1092.69
fashio_female_clothing,2017,2017-05,5,5,422.4,63.230000000000004
fashion_bags_accessories,2017,2017-05,109,96,6599.669999999986,1648.0099999999986
fashion_childrens_clothes,2017,2017-05,1,1,110.0,14.52
fashion_male_clothing,2017,2017-05,4,3,608.9,67.31
fashion_shoes,2017,2017-05,22,22,1669.5400000000006,345.3500000000001
fashion_sport,2017,2017-05,3,3,124.84,54.64
fashion_underwear_beach,2017,2017-05,7,6,283.5,85.76
fixed_telephony,2017,2017-05,10,10,462.33000000000004,145.29999999999998
food,2017,2017-05,3,3,387.9,64.35
food_drink,2017,2017-05,17,12,416.28999999999996,214.11999999999995
furniture_bedroom,2017,2017-05,9,6,2369.9699999999993,288.98
furniture_decor,2017,2017-05,272,229,21855.820000000025,5086.029999999997
furniture_living_room,2017,2017-05,32,27,3944.5299999999993,1052.89
furniture_mattress_and_upholstery,2017,2017-05,2,2,195.9,53.29
garden_tools,2017,2017-05,135,118,16907.559999999987,3065.63
health_beauty,2017,2017-05,278,257,34446.02000000012,4518.439999999998
home_appliances,2017,2017-05,28,28,1912.7900000000004,458.2400000000001
home_appliances_2,2017,2017-05,7,7,1138.8500000000001,204.16
home_confort,2017,2017-05,37,34,5293.869999999999,601.3000000000001
home_construction,2017,2017-05,7,5,1620.5,111.1
housewares,2017,2017-05,307,264,21726.480000000047,5319.120000000001
industry_commerce_and_business,2017,2017-05,2,2,519.8,32.42
kitchen_dining_laundry_garden_furniture,2017,2017-05,9,9,1304.4800000000002,332.73
la_cuisine,2017,2017-05,1,1,193.0,39.19
luggage_accessories,2017,2017-05,62,56,7954.419999999992,1568.9599999999996
market_place,2017,2017-05,22,21,2476.9800000000005,382.29999999999995
musical_instruments,2017,2017-05,16,14,3007.5600000000004,294.2199999999999
office_furniture,2017,2017-05,54,40,7843.4499999999925,1446.5099999999998
perfumery,2017,2017-05,145,134,20119.040000000023,2278.2300000000014
pet_shop,2017,2017-05,70,63,5224.79,1236.2599999999995
signaling_and_security,2017,2017-05,2,2,80.85000000000001,61.209999999999994
small_appliances,2017,2017-05,15,13,2702.4399999999996,322.82000000000005
sports_leisure,2017,2017-05,307,257,27383.72000000006,5421.979999999995
stationery,2017,2017-05,66,62,6049.979999999996,1097.6500000000003
tablets_printing_image,2017,2017-05,6,6,624.99,69.24
telephony,2017,2017-05,224,204,9264.099999999973,3386.86
toys,2017,2017-05,198,194,20878.050000000043,3282.3900000000003
watches_gifts,2017,2017-05,117,108,21465.95000000002,1988.2800000000002
NULL,2017,2017-05,95,85,7651.939999999995,1651.3899999999996
air_conditioning,2017,2017-06,10,8,1284.53,183.37
art,2017,2017-06,10,5,421.7,210.09
audio,2017,2017-06,11,11,1671.0,147.24
auto,2017,2017-06,102,93,12170.879999999994,1968.7100000000003
baby,2017,2017-06,76,70,6995.739999999997,1234.1599999999999
bed_bath_table,2017,2017-06,381,334,34776.31000000022,6490.3100000000095
books_general_interest,2017,2017-06,21,20,1940.0800000000006,397.2600000000001
books_imported,2017,2017-06,2,1,99.0,30.2
books_technical,2017,2017-06,2,2,145.9,42.629999999999995
christmas_supplies,2017,2017-06,3,2,184.7,61.550000000000004
cine_photo,2017,2017-06,1,1,79.0,33.91
computers_accessories,2017,2017-06,252,211,24246.01000000005,4273.790000000002
consoles_games,2017,2017-06,30,27,5389.0199999999995,565.6000000000001
construction_tools_construction,2017,2017-06,8,4,376.37000000000006,98.94
cool_stuff,2017,2017-06,195,191,28476.510000000064,4121.72
costruction_tools_garden,2017,2017-06,4,3,434.69000000000005,65.71
drinks,2017,2017-06,1,1,49.99,19.21
dvds_blu_ray,2017,2017-06,4,4,126.69,73.05
electronics,2017,2017-06,42,40,2100.0400000000004,625.0
fashio_female_clothing,2017,2017-06,3,3,154.8,44.5
fashion_bags_accessories,2017,2017-06,83,77,6831.029999999996,1303.5899999999997
fashion_childrens_clothes,2017,2017-06,1,1,110.0,8.96
fashion_male_clothing,2017,2017-06,10,8,569.6899999999999,185.12999999999997
fashion_shoes,2017,2017-06,20,17,1351.2,384.6700000000001
fashion_sport,2017,2017-06,6,6,495.49,111.99999999999999
fashion_underwear_beach,2017,2017-06,1,1,3.9,15.1
fixed_telephony,2017,2017-06,12,12,933.6700000000001,207.75999999999996
food,2017,2017-06,1,1,149.9,21.89
food_drink,2017,2017-06,2,2,57.4,25.380000000000003
furniture_bedroom,2017,2017-06,2,2,308.99,42.69
furniture_decor,2017,2017-06,225,177,15874.33999999997,3909.3199999999956
furniture_living_room,2017,2017-06,14,11,1417.5,445.68
garden_tools,2017,2017-06,110,98,12552.16999999999,2543.24
health_beauty,2017,2017-06,250,230,24053.590000000084,3893.7699999999973
home_appliances,2017,2017-06,43,42,2507.1900000000005,636.4100000000002
home_appliances_2,2017,2017-06,6,6,1213.87,221.2
home_comfort_2,2017,2017-06,1,1,12.9,15.1
home_confort,2017,2017-06,18,18,3056.1900000000005,296.51
home_construction,2017,2017-06,8,4,1992.3000000000002,148.88000000000002
housewares,2017,2017-06,327,285,22757.920000000053,5857.2400000000025
industry_commerce_and_business,2017,2017-06,2,2,276.97,65.19999999999999
kitchen_dining_laundry_garden_furniture,2017,2017-06,4,4,374.8,167.79000000000002
luggage_accessories,2017,2017-06,55,54,6832.689999999994,1573.3900000000003
market_place,2017,2017-06,16,15,1258.9500000000003,232.91
music,2017,2017-06,4,4,1066.9,74.22
musical_instruments,2017,2017-06,19,16,4303.05,456.7
office_furniture,2017,2017-06,48,43,6859.149999999997,1673.69
perfumery,2017,2017-06,154,146,24438.100000000024,2500.4800000000005
pet_shop,2017,2017-06,63,60,5023.669999999995,1118.8300000000002
signaling_and_security,2017,2017-06,2,2,273.9,71.5
small_appliances,2017,2017-06,18,18,3109.81,364.53000000000003
small_appliances_home_oven_and_coffee,2017,2017-06,1,1,71.9,16.75
sports_leisure,2017,2017-06,268,241,24655.44000000004,5072.990000000001
stationery,2017,2017-06,38,37,3493.5700000000015,682.4800000000001
tablets_printing_image,2017,2017-06,6,6,594.0,85.16999999999999
telephony,2017,2017-06,160,151,6757.619999999985,2419.7799999999966
toys,2017,2017-06,157,151,14747.349999999975,2743.6399999999994
watches_gifts,2017,2017-06,112,106,17524.299999999992,1705.009999999999
NULL,2017,2017-06,63,55,4498.779999999999,965.24
air_conditioning,2017,2017-07,5,5,1396.1,97.03
art,2017,2017-07,3,3,386.75,38.15
arts_and_craftmanship,2017,2017-07,1,1,129.9,15.66
audio,2017,2017-07,7,7,771.6899999999999,111.53999999999999
auto,2017,2017-07,115,104,10119.759999999991,2310.0400000000004
baby,2017,2017-07,125,120,13135.219999999978,2233.7799999999993
bed_bath_table,2017,2017-07,576,511,63305.67000000026,10425.650000000027
books_general_interest,2017,2017-07,13,12,1292.4,252.87999999999997
books_technical,2017,2017-07,2,2,528.0,52.88
cds_dvds_musicals,2017,2017-07,5,4,225.0,74.38
christmas_supplies,2017,2017-07,2,2,65.09,32.96
computers_accessories,2017,2017-07,320,268,32177.510000000126,5632.210000000005
consoles_games,2017,2017-07,47,45,4675.169999999997,839.8500000000006
construction_tools_construction,2017,2017-07,6,5,549.4399999999999,273.53
construction_tools_lights,2017,2017-07,1,1,360.0,41.45
cool_stuff,2017,2017-07,225,217,34312.98000000014,4527.919999999995
costruction_tools_garden,2017,2017-07,8,7,347.58000000000004,125.78999999999999
drinks,2017,2017-07,3,2,273.97,74.11
dvds_blu_ray,2017,2017-07,3,3,50.699999999999996,60.64
electronics,2017,2017-07,96,86,6646.939999999998,1673.8999999999996
fashio_female_clothing,2017,2017-07,4,4,310.70000000000005,53.7
fashion_bags_accessories,2017,2017-07,88,82,5193.099999999998,1274.4499999999994
fashion_male_clothing,2017,2017-07,9,8,719.99,140.34
fashion_shoes,2017,2017-07,20,19,1423.0099999999998,337.68999999999994
fashion_sport,2017,2017-07,1,1,69.9,7.78
fashion_underwear_beach,2017,2017-07,3,3,274.8,39.68
fixed_telephony,2017,2017-07,9,8,218.73000000000002,129.54
food,2017,2017-07,7,7,584.1600000000001,170.03
food_drink,2017,2017-07,8,7,168.20000000000002,93.47999999999999
furniture_bedroom,2017,2017-07,2,2,559.99,69.85
furniture_decor,2017,2017-07,317,250,24043.970000000074,5660.5799999999945
furniture_living_room,2017,2017-07,30,26,3826.12,912.6099999999999
garden_tools,2017,2017-07,186,156,16953.019999999975,3821.2700000000036
health_beauty,2017,2017-07,308,271,26239.81000000007,4809.850000000001
home_appliances,2017,2017-07,35,35,2390.940000000001,547.1700000000001
home_appliances_2,2017,2017-07,6,6,874.99,203.07
home_comfort_2,2017,2017-07,1,1,12.9,15.1
home_confort,2017,2017-07,43,36,4563.85,837.5800000000003
home_construction,2017,2017-07,2,1,93.6,30.2
housewares,2017,2017-07,274,223,20144.399999999998,4584.130000000001
industry_commerce_and_business,2017,2017-07,1,1,99.99,16.14
kitchen_dining_laundry_garden_furniture,2017,2017-07,10,8,847.5,250.79999999999998
la_cuisine,2017,2017-07,4,4,469.99,89.24
luggage_accessories,2017,2017-07,69,68,7519.10999999999,1548.2900000000002
market_place,2017,2017-07,13,13,1573.3799999999999,226.57
music,2017,2017-07,1,1,329.0,21.54
musical_instruments,2017,2017-07,27,23,4655.589999999999,576.9600000000002
office_furniture,2017,2017-07,106,90,15102.85999999999,3647.069999999999
party_supplies,2017,2017-07,1,1,69.9,13.51
perfumery,2017,2017-07,126,119,12910.019999999986,1865.5100000000014
pet_shop,2017,2017-07,83,69,6103.979999999996,1469.6300000000003
signaling_and_security,2017,2017-07,6,5,530.1899999999999,154.6
small_appliances,2017,2017-07,34,33,4621.359999999997,764.79
sports_leisure,2017,2017-07,382,332,34996.52000000015,6772.480000000001
stationery,2017,2017-07,79,74,6392.749999999997,1314.85
tablets_printing_image,2017,2017-07,2,2,198.0,21.63
telephony,2017,2017-07,144,136,9064.859999999986,2139.969999999997
toys,2017,2017-07,203,197,21942.120000000028,3455.79
watches_gifts,2017,2017-07,153,142,21658.790000000008,2395.75
NULL,2017,2017-07,61,55,3124.6600000000017,909.3000000000002
agro_industry_and_commerce,2017,2017-08,4,1,88.0,136.6
air_conditioning,2017,2017-08,13,11,2681.77,263.88
art,2017,2017-08,4,4,244.70000000000002,72.36
audio,2017,2017-08,7,7,1050.6999999999998,95.74000000000001
auto,2017,2017-08,162,131,17724.170000000013,2963.140000000001
baby,2017,2017-08,121,114,13647.459999999986,2365.5800000000004
bed_bath_table,2017,2017-08,511,447,56903.43000000019,9064.85000000001
books_general_interest,2017,2017-08,28,28,2314.9000000000005,419.54999999999995
books_imported,2017,2017-08,1,1,61.0,9.34
books_technical,2017,2017-08,9,9,1196.38,128.60000000000002
cds_dvds_musicals,2017,2017-08,3,2,135.0,42.16
christmas_supplies,2017,2017-08,1,1,58.9,17.98
computers_accessories,2017,2017-08,346,294,31429.740000000173,5767.38000000001
consoles_games,2017,2017-08,88,83,7719.359999999995,1494.0599999999997
construction_tools_construction,2017,2017-08,7,6,1180.0,214.32999999999996
construction_tools_lights,2017,2017-08,2,2,589.0,81.98
construction_tools_safety,2017,2017-08,1,1,8.9,15.79
cool_stuff,2017,2017-08,253,232,34114.16000000012,4782.3600000000015
costruction_tools_garden,2017,2017-08,10,7,1286.19,196.81
drinks,2017,2017-08,2,2,119.9,28.869999999999997
dvds_blu_ray,2017,2017-08,6,6,113.4,118.43
electronics,2017,2017-08,56,52,2854.1500000000015,911.7100000000005
fashio_female_clothing,2017,2017-08,4,4,188.7,46.95
fashion_bags_accessories,2017,2017-08,99,89,6617.679999999994,1424.2099999999996
fashion_childrens_clothes,2017,2017-08,1,1,49.9,16.79
fashion_male_clothing,2017,2017-08,15,13,1205.05,239.27000000000004
fashion_shoes,2017,2017-08,22,18,1491.6900000000005,364.68
fashion_sport,2017,2017-08,1,1,59.9,15.17
fashion_underwear_beach,2017,2017-08,13,13,1111.0,197.87
fixed_telephony,2017,2017-08,19,13,1963.5400000000002,272.35999999999996
food,2017,2017-08,8,8,364.5,135.73
food_drink,2017,2017-08,15,12,494.81000000000006,234.14
furniture_bedroom,2017,2017-08,3,3,618.0,84.36
furniture_decor,2017,2017-08,428,327,33390.180000000095,8004.779999999999
furniture_living_room,2017,2017-08,22,20,2054.0700000000006,575.58
furniture_mattress_and_upholstery,2017,2017-08,1,1,109.4,41.57
garden_tools,2017,2017-08,231,192,18547.509999999995,4339.430000000005
health_beauty,2017,2017-08,346,332,36188.350000000115,5473.520000000004
home_appliances,2017,2017-08,48,48,3957.1500000000005,844.3799999999999
home_appliances_2,2017,2017-08,13,13,2461.55,485.44999999999993
home_comfort_2,2017,2017-08,3,2,38.7,31.21
home_confort,2017,2017-08,28,24,4000.190000000001,535.9300000000001
home_construction,2017,2017-08,1,1,124.8,16.63
housewares,2017,2017-08,282,244,21417.45,4736.43
industry_commerce_and_business,2017,2017-08,2,2,208.9,56.78
kitchen_dining_laundry_garden_furniture,2017,2017-08,6,6,717.2,143.17
la_cuisine,2017,2017-08,2,2,313.0,60.52
luggage_accessories,2017,2017-08,60,55,5973.399999999992,1364.7599999999993
market_place,2017,2017-08,23,22,1937.3899999999999,423.53999999999996
musical_instruments,2017,2017-08,24,21,3388.6500000000005,516.13
office_furniture,2017,2017-08,51,41,8487.439999999993,1850.67
perfumery,2017,2017-08,128,118,13142.089999999982,1908.2700000000007
pet_shop,2017,2017-08,88,74,9550.809999999994,1495.2800000000004
signaling_and_security,2017,2017-08,4,4,377.8,65.67
small_appliances,2017,2017-08,34,30,2387.1100000000006,470.7599999999998
small_appliances_home_oven_and_coffee,2017,2017-08,2,2,109.06,24.799999999999997
sports_leisure,2017,2017-08,419,378,38106.37000000017,7435.280000000005
stationery,2017,2017-08,80,75,6366.909999999996,1518.5899999999992
tablets_printing_image,2017,2017-08,6,6,450.89,106.93
telephony,2017,2017-08,135,130,10905.289999999986,2181.909999999998
toys,2017,2017-08,183,169,17966.969999999987,3104.5699999999983
watches_gifts,2017,2017-08,201,184,27407.270000000062,3171.9000000000015
NULL,2017,2017-08,77,66,5243.4,1281.4599999999996
agro_industry_and_commerce,2017,2017-09,3,2,1194.0,71.36
air_conditioning,2017,2017-09,7,7,1011.06,137.23
art,2017,2017-09,3,3,388.53999999999996,47.31
audio,2017,2017-09,10,10,1042.59,149.20000000000002
auto,2017,2017-09,106,95,13259.669999999991,2182.3599999999988
baby,2017,2017-09,164,155,16609.719999999983,3190.489999999998
bed_bath_table,2017,2017-09,531,460,52086.90000000021,9512.539999999995
books_general_interest,2017,2017-09,15,15,965.14,234.45
books_imported,2017,2017-09,4,3,290.0,37.56
books_technical,2017,2017-09,8,8,1001.35,135.56
christmas_supplies,2017,2017-09,4,3,254.70000000000002,63.58
cine_photo,2017,2017-09,1,1,69.0,33.84
computers_accessories,2017,2017-09,248,211,26012.20000000006,4739.760000000007
consoles_games,2017,2017-09,64,59,6900.389999999994,1048.2500000000002
construction_tools_construction,2017,2017-09,11,8,1289.2,197.83999999999997
construction_tools_lights,2017,2017-09,1,1,229.0,29.98
construction_tools_safety,2017,2017-09,5,4,1124.54,77.74999999999999
cool_stuff,2017,2017-09,192,185,29347.7700000001,3960.87
costruction_tools_garden,2017,2017-09,6,5,297.5,103.97
costruction_tools_tools,2017,2017-09,2,2,187.89000000000001,33.599999999999994
drinks,2017,2017-09,8,7,327.97,100.50999999999999
dvds_blu_ray,2017,2017-09,2,2,39.8,51.26
electronics,2017,2017-09,67,65,4338.960000000001,1218.3899999999999
fashio_female_clothing,2017,2017-09,4,3,355.7,74.61
fashion_bags_accessories,2017,2017-09,124,103,11948.219999999987,2013.849999999999
fashion_childrens_clothes,2017,2017-09,1,1,89.99,17.07
fashion_male_clothing,2017,2017-09,16,10,1177.5,210.69
fashion_shoes,2017,2017-09,14,13,1179.6000000000001,264.1
fashion_sport,2017,2017-09,5,2,384.5999999999999,116.21999999999998
fashion_underwear_beach,2017,2017-09,18,16,1789.7000000000007,266.52
fixed_telephony,2017,2017-09,5,5,252.91000000000003,73.2
food,2017,2017-09,17,13,992.9200000000002,246.28
food_drink,2017,2017-09,9,6,310.86,133.92
furniture_bedroom,2017,2017-09,2,2,239.8,56.519999999999996
furniture_decor,2017,2017-09,337,264,27336.000000000055,6469.260000000005
furniture_living_room,2017,2017-09,11,11,1275.87,286.96
furniture_mattress_and_upholstery,2017,2017-09,1,1,86.5,47.32
garden_tools,2017,2017-09,221,175,18726.329999999994,4554.920000000002
health_beauty,2017,2017-09,366,347,41781.85000000014,6366.450000000008
home_appliances,2017,2017-09,8,8,622.39,142.26
home_appliances_2,2017,2017-09,5,5,1130.8,216.51999999999998
home_comfort_2,2017,2017-09,1,1,12.9,16.79
home_confort,2017,2017-09,32,25,3993.3399999999997,584.4100000000001
home_construction,2017,2017-09,9,8,922.1099999999999,141.87
housewares,2017,2017-09,252,220,17969.359999999993,4665.030000000002
industry_commerce_and_business,2017,2017-09,2,2,219.98,31.73
kitchen_dining_laundry_garden_furniture,2017,2017-09,5,5,464.09000000000003,138.57
luggage_accessories,2017,2017-09,41,40,3595.390000000001,876.2900000000003
market_place,2017,2017-09,11,11,1147.2100000000003,202.40999999999997
musical_instruments,2017,2017-09,23,19,4565.969999999999,487.1700000000001
office_furniture,2017,2017-09,55,34,7802.079999999991,1822.2499999999998
party_supplies,2017,2017-09,2,1,269.8,33.4
perfumery,2017,2017-09,160,142,14744.869999999979,2319.1800000000007
pet_shop,2017,2017-09,70,61,6736.919999999996,1196.24
security_and_services,2017,2017-09,1,1,100.0,15.45
signaling_and_security,2017,2017-09,9,5,438.4,98.15
small_appliances,2017,2017-09,27,26,4271.64,556.51
small_appliances_home_oven_and_coffee,2017,2017-09,1,1,640.99,32.48
sports_leisure,2017,2017-09,456,411,48545.580000000155,8321.130000000006
stationery,2017,2017-09,77,71,6130.409999999998,1382.24
tablets_printing_image,2017,2017-09,3,3,233.9,45.98
telephony,2017,2017-09,177,164,18559.249999999993,2978.7099999999973
toys,2017,2017-09,291,267,29044.530000000083,5140.3499999999985
watches_gifts,2017,2017-09,257,245,36740.850000000064,4041.1700000000023
NULL,2017,2017-09,74,62,5904.139999999997,1309.4399999999991
agro_industry_and_commerce,2017,2017-10,3,3,101.3,41.45
air_conditioning,2017,2017-10,12,9,2562.42,307.48
art,2017,2017-10,3,3,349.05,51.400000000000006
audio,2017,2017-10,32,32,2348.480000000001,380.2499999999999
auto,2017,2017-10,145,128,17266.319999999985,2836.459999999998
baby,2017,2017-10,133,130,14240.529999999984,2711.6500000000015
bed_bath_table,2017,2017-10,544,444,46032.00000000018,9152.320000000002
books_general_interest,2017,2017-10,11,8,734.4999999999999,195.37
books_technical,2017,2017-10,6,6,880.0,108.25
cds_dvds_musicals,2017,2017-10,1,1,45.0,16.11
christmas_supplies,2017,2017-10,12,7,388.04999999999995,143.19000000000003
cine_photo,2017,2017-10,1,1,69.0,38.0
computers_accessories,2017,2017-10,313,256,35505.69000000008,5938.8300000000045
consoles_games,2017,2017-10,106,98,7593.8999999999905,1602.02
construction_tools_construction,2017,2017-10,18,14,2077.1800000000007,380.34999999999997
construction_tools_safety,2017,2017-10,12,9,1668.8500000000004,249.70000000000002
cool_stuff,2017,2017-10,236,224,33668.11000000012,4817.429999999998
costruction_tools_garden,2017,2017-10,9,8,746.9,141.26
costruction_tools_tools,2017,2017-10,4,4,289.59999999999997,75.77000000000001
drinks,2017,2017-10,12,10,596.98,155.73999999999995
dvds_blu_ray,2017,2017-10,5,5,194.5,120.13
electronics,2017,2017-10,63,56,3454.3200000000015,1108.8399999999997
fashion_bags_accessories,2017,2017-10,110,95,7906.059999999992,1641.519999999999
fashion_childrens_clothes,2017,2017-10,1,1,39.99,14.1
fashion_male_clothing,2017,2017-10,11,9,1041.8,159.57000000000002
fashion_shoes,2017,2017-10,18,16,1860.9200000000005,333.66
fashion_sport,2017,2017-10,1,1,59.9,8.72
fashion_underwear_beach,2017,2017-10,3,3,187.8,35.15
fixed_telephony,2017,2017-10,4,3,414.9,70.43
food,2017,2017-10,17,12,806.0600000000002,216.35999999999999
food_drink,2017,2017-10,17,15,2297.2299999999996,357.76000000000005
furniture_bedroom,2017,2017-10,4,4,1193.9,217.95
furniture_decor,2017,2017-10,369,261,26990.41000000012,6685.5899999999965
furniture_living_room,2017,2017-10,18,12,1392.8900000000003,403.36
garden_tools,2017,2017-10,272,206,21285.75000000002,5972.469999999997
health_beauty,2017,2017-10,354,325,36790.92000000011,6271.610000000006
home_appliances,2017,2017-10,5,5,423.09000000000003,113.05
home_appliances_2,2017,2017-10,7,7,1294.78,182.75
home_comfort_2,2017,2017-10,5,3,64.5,75.5
home_confort,2017,2017-10,27,26,3619.8000000000006,452.84999999999997
home_construction,2017,2017-10,14,11,2000.0499999999997,284.69
housewares,2017,2017-10,232,188,15404.029999999964,4029.3699999999967
industry_commerce_and_business,2017,2017-10,4,4,556.6999999999999,123.76
kitchen_dining_laundry_garden_furniture,2017,2017-10,13,12,1736.6,361.21000000000015
la_cuisine,2017,2017-10,1,1,137.0,23.83
luggage_accessories,2017,2017-10,53,49,5455.549999999997,1145.77
market_place,2017,2017-10,11,10,1019.54,158.58
music,2017,2017-10,1,1,54.9,15.13
musical_instruments,2017,2017-10,24,19,3003.16,455.7300000000001
office_furniture,2017,2017-10,91,64,15424.119999999986,3119.45
party_supplies,2017,2017-10,2,2,137.8,26.07
perfumery,2017,2017-10,189,177,16984.619999999988,3186.540000000002
pet_shop,2017,2017-10,75,63,7993.679999999994,1293.03
signaling_and_security,2017,2017-10,10,7,744.0,163.7
small_appliances,2017,2017-10,27,25,3033.8499999999995,469.94999999999993
sports_leisure,2017,2017-10,469,422,48052.550000000156,8017.590000000004
stationery,2017,2017-10,100,92,8428.859999999995,1884.7799999999997
tablets_printing_image,2017,2017-10,1,1,99.0,12.19
telephony,2017,2017-10,252,227,21985.760000000075,3940.8300000000027
toys,2017,2017-10,287,276,33324.21000000011,4876.58
watches_gifts,2017,2017-10,293,266,49288.740000000056,4552.589999999995
NULL,2017,2017-10,62,55,6252.979999999998,1121.8500000000001
agro_industry_and_commerce,2017,2017-11,11,10,4087.9,264.81
air_conditioning,2017,2017-11,17,15,2618.62,377.24
art,2017,2017-11,1,1,75.0,17.78
audio,2017,2017-11,36,33,3677.23,517.91
auto,2017,2017-11,257,239,29521.70000000005,4953.040000000007
baby,2017,2017-11,200,187,21119.85000000002,3772.4699999999984
bed_bath_table,2017,2017-11,970,812,86859.11999999976,16826.880000000052
books_general_interest,2017,2017-11,38,38,2664.9600000000014,570.0900000000001
books_imported,2017,2017-11,4,3,324.0,48.5
books_technical,2017,2017-11,6,5,768.9,94.92
cds_dvds_musicals,2017,2017-11,3,3,195.0,29.82
christmas_supplies,2017,2017-11,23,19,1114.6799999999998,381.6700000000001
cine_photo,2017,2017-11,1,1,242.0,17.94
computers_accessories,2017,2017-11,512,428,56599.4500000001,9670.340000000007
consoles_games,2017,2017-11,133,128,11603.88999999999,2164.359999999997
construction_tools_construction,2017,2017-11,42,33,4531.5599999999995,824.5800000000002
construction_tools_lights,2017,2017-11,10,9,2199.48,407.50999999999993
construction_tools_safety,2017,2017-11,14,12,2211.600000000001,216.48
cool_stuff,2017,2017-11,291,281,49477.84000000002,5765.980000000003
costruction_tools_garden,2017,2017-11,16,13,1134.6,281.33000000000004
costruction_tools_tools,2017,2017-11,5,4,269.5,80.03999999999999
drinks,2017,2017-11,19,15,748.61,255.06999999999996
dvds_blu_ray,2017,2017-11,3,3,79.78999999999999,65.88
electronics,2017,2017-11,184,165,10026.13999999998,2921.579999999998
fashio_female_clothing,2017,2017-11,3,3,79.88,36.04
fashion_bags_accessories,2017,2017-11,199,184,12364.889999999976,2743.6600000000008
fashion_male_clothing,2017,2017-11,12,11,929.9899999999999,168.46999999999997
fashion_shoes,2017,2017-11,20,18,1777.7000000000005,334.06999999999994
fashion_sport,2017,2017-11,1,1,59.9,7.78
fashion_underwear_beach,2017,2017-11,10,10,1221.6,170.26000000000002
fixed_telephony,2017,2017-11,5,5,943.98,92.5
flowers,2017,2017-11,6,6,187.79999999999998,81.49
food,2017,2017-11,17,11,556.95,214.33
food_drink,2017,2017-11,33,28,2445.57,585.7800000000002
furniture_bedroom,2017,2017-11,2,2,363.0,109.08
furniture_decor,2017,2017-11,770,535,59047.850000000246,13708.710000000052
furniture_living_room,2017,2017-11,35,25,4235.249999999997,1000.4299999999996
furniture_mattress_and_upholstery,2017,2017-11,2,2,334.0,78.81
garden_tools,2017,2017-11,538,422,38074.240000000114,11456.450000000004
health_beauty,2017,2017-11,572,518,64873.37000000006,9784.850000000002
home_appliances,2017,2017-11,21,21,1719.9400000000003,371.70000000000005
home_appliances_2,2017,2017-11,10,10,2925.23,278.31
home_comfort_2,2017,2017-11,3,3,38.7,42.05
home_confort,2017,2017-11,45,40,5355.39,889.74
home_construction,2017,2017-11,38,33,4936.719999999998,789.8200000000004
housewares,2017,2017-11,410,343,28448.850000000097,7506.9299999999985
industry_commerce_and_business,2017,2017-11,5,5,384.78,99.47
kitchen_dining_laundry_garden_furniture,2017,2017-11,29,24,3841.390000000001,842.0100000000003
la_cuisine,2017,2017-11,1,1,137.0,0.11
luggage_accessories,2017,2017-11,61,55,5595.679999999997,1339.79
market_place,2017,2017-11,16,11,1355.98,326.63000000000005
musical_instruments,2017,2017-11,40,35,5283.0999999999985,785.91
office_furniture,2017,2017-11,86,65,14117.709999999988,3464.5899999999983
party_supplies,2017,2017-11,4,4,870.69,63.650000000000006
perfumery,2017,2017-11,311,293,31831.810000000132,4886.380000000001
pet_shop,2017,2017-11,93,78,8357.779999999992,1677.8399999999997
signaling_and_security,2017,2017-11,5,3,596.79,195.99999999999997
small_appliances,2017,2017-11,27,26,4616.82,596.34
sports_leisure,2017,2017-11,602,547,57359.35000000025,9984.340000000017
stationery,2017,2017-11,163,149,15652.08999999999,3237.9500000000016
tablets_printing_image,2017,2017-11,6,6,350.4,91.99000000000001
telephony,2017,2017-11,383,351,26564.880000000125,5851.0800000000145
toys,2017,2017-11,481,438,58053.90000000009,8553.790000000006
watches_gifts,2017,2017-11,434,396,62454.980000000076,6992.4500000000135
NULL,2017,2017-11,117,110,9436.789999999992,1718.6799999999982
agro_industry_and_commerce,2017,2017-12,10,8,3092.7000000000003,255.51000000000002
air_conditioning,2017,2017-12,3,3,668.8,53.54
art,2017,2017-12,3,3,115.25,48.14
audio,2017,2017-12,17,17,2686.9300000000003,254.19
auto,2017,2017-12,258,233,33750.64000000009,4921.79
baby,2017,2017-12,135,131,14586.579999999978,2425.33
bed_bath_table,2017,2017-12,549,478,50276.970000000234,9141.400000000014
books_general_interest,2017,2017-12,42,38,2397.100000000001,644.9600000000003
books_imported,2017,2017-12,3,3,231.0,40.06
books_technical,2017,2017-12,4,4,670.69,65.27
cds_dvds_musicals,2017,2017-12,1,1,65.0,9.94
christmas_supplies,2017,2017-12,16,14,493.9000000000001,301.07
computers,2017,2017-12,12,10,7188.0,516.4300000000001
computers_accessories,2017,2017-12,283,248,31816.770000000062,5347.0999999999985
consoles_games,2017,2017-12,93,88,9075.009999999995,1334.47
construction_tools_construction,2017,2017-12,24,20,3571.3500000000004,411.14000000000004
construction_tools_lights,2017,2017-12,2,2,176.0,30.46
construction_tools_safety,2017,2017-12,7,7,1384.92,140.54
cool_stuff,2017,2017-12,245,228,34376.6500000001,4705.039999999999
costruction_tools_garden,2017,2017-12,6,6,928.9,168.85
costruction_tools_tools,2017,2017-12,6,6,349.4,108.42
diapers_and_hygiene,2017,2017-12,2,1,76.0,23.7
drinks,2017,2017-12,34,31,2132.84,441.57000000000005
dvds_blu_ray,2017,2017-12,1,1,119.9,15.59
electronics,2017,2017-12,207,187,7741.519999999986,3240.799999999997
fashion_bags_accessories,2017,2017-12,133,123,9288.479999999985,1905.5199999999984
fashion_male_clothing,2017,2017-12,4,4,450.89,81.25
fashion_shoes,2017,2017-12,13,12,1098.9999999999998,206.46
fashion_sport,2017,2017-12,1,1,59.9,16.86
fashion_underwear_beach,2017,2017-12,13,13,1173.1,186.51999999999995
fixed_telephony,2017,2017-12,5,5,998.77,97.03999999999999
flowers,2017,2017-12,2,2,82.7,30.28
food,2017,2017-12,14,12,978.19,189.75
food_drink,2017,2017-12,22,19,1098.6799999999998,386.18000000000006
furniture_bedroom,2017,2017-12,1,1,185.0,45.75
furniture_decor,2017,2017-12,383,308,29062.060000000147,6708.200000000003
furniture_living_room,2017,2017-12,19,15,1697.1100000000004,505.24
furniture_mattress_and_upholstery,2017,2017-12,8,8,803.7,284.69999999999993
garden_tools,2017,2017-12,323,243,26310.70000000006,7346.5400000000045
health_beauty,2017,2017-12,456,423,48406.6600000001,7549.560000000002
home_appliances,2017,2017-12,16,16,1331.0,341.84
home_appliances_2,2017,2017-12,8,8,1990.16,282.29
home_confort,2017,2017-12,14,14,2257.8,287.09000000000003
home_construction,2017,2017-12,35,27,5501.55,907.6899999999999
housewares,2017,2017-12,288,242,22859.750000000022,5235.3799999999965
industry_commerce_and_business,2017,2017-12,8,8,1083.5,146.31
kitchen_dining_laundry_garden_furniture,2017,2017-12,15,11,2462.3000000000006,541.09
luggage_accessories,2017,2017-12,45,43,5750.229999999998,950.7699999999994
market_place,2017,2017-12,14,13,703.2499999999999,181.01
musical_instruments,2017,2017-12,38,37,6292.8799999999965,738.3200000000002
office_furniture,2017,2017-12,43,33,5163.679999999996,1362.6000000000006
party_supplies,2017,2017-12,2,2,515.2,34.72
perfumery,2017,2017-12,241,233,27864.430000000084,3730.0900000000015
pet_shop,2017,2017-12,74,71,7227.229999999994,1530.0299999999997
signaling_and_security,2017,2017-12,2,2,770.0,72.44
small_appliances,2017,2017-12,23,22,3733.2700000000004,366.63
sports_leisure,2017,2017-12,479,429,48667.64000000019,8533.589999999998
stationery,2017,2017-12,249,229,24701.200000000015,4583.240000000002
tablets_printing_image,2017,2017-12,6,6,419.4,55.61999999999999
telephony,2017,2017-12,267,244,13611.00999999996,3772.229999999999
toys,2017,2017-12,433,409,50655.860000000066,7548.41
watches_gifts,2017,2017-12,350,330,53568.12000000008,5135.180000000002
NULL,2017,2017-12,146,137,16224.919999999991,1979.1899999999962
agro_industry_and_commerce,2018,2018-01,16,13,3588.5,356.58000000000004
air_conditioning,2018,2018-01,27,21,3120.7400000000002,414.24000000000007
art,2018,2018-01,19,19,2540.7699999999995,323.44
audio,2018,2018-01,26,25,3820.2800000000007,413.1099999999999
auto,2018,2018-01,265,241,33055.76000000009,5121.360000000004
baby,2018,2018-01,212,201,21174.59000000002,4049.249999999999
bed_bath_table,2018,2018-01,846,697,75317.80000000013,14287.960000000026
books_general_interest,2018,2018-01,45,41,2180.1500000000005,645.22
books_imported,2018,2018-01,6,6,583.0,65.67
books_technical,2018,2018-01,17,16,1176.55,242.27999999999997
christmas_supplies,2018,2018-01,10,9,851.4999999999999,252.95999999999998
cine_photo,2018,2018-01,2,2,199.98,23.8
computers,2018,2018-01,5,5,3066.0,254.60999999999999
computers_accessories,2018,2018-01,700,587,78120.90999999993,12492.39000000002
consoles_games,2018,2018-01,51,50,6131.309999999997,789.8400000000001
construction_tools_construction,2018,2018-01,44,37,6406.379999999998,742.0699999999998
construction_tools_lights,2018,2018-01,6,5,1102.99,141.54999999999998
construction_tools_safety,2018,2018-01,10,8,1428.8900000000003,173.82999999999998
cool_stuff,2018,2018-01,289,278,32737.30000000009,5426.639999999995
costruction_tools_garden,2018,2018-01,22,19,3340.1900000000005,435.45000000000005
costruction_tools_tools,2018,2018-01,8,8,532.3,162.83
diapers_and_hygiene,2018,2018-01,5,1,125.0,63.449999999999996
drinks,2018,2018-01,52,40,2307.609999999999,755.9800000000006
dvds_blu_ray,2018,2018-01,2,2,49.8,46.78
electronics,2018,2018-01,349,320,13453.67999999994,5465.9300000000085
fashio_female_clothing,2018,2018-01,3,3,161.79000000000002,34.69
fashion_bags_accessories,2018,2018-01,124,115,7841.819999999996,1848.3399999999976
fashion_male_clothing,2018,2018-01,6,5,550.5999999999999,111.57
fashion_shoes,2018,2018-01,9,7,666.6999999999999,155.61
fashion_sport,2018,2018-01,2,2,119.8,25.54
fashion_underwear_beach,2018,2018-01,8,8,754.4999999999999,122.52
fixed_telephony,2018,2018-01,9,9,1064.1,132.35
flowers,2018,2018-01,10,7,284.6,153.66000000000003
food,2018,2018-01,20,19,868.41,264.6599999999999
food_drink,2018,2018-01,11,10,341.17,188.04999999999995
furniture_bedroom,2018,2018-01,5,5,914.8,150.23999999999998
furniture_decor,2018,2018-01,600,467,52293.780000000355,11116.240000000007
furniture_living_room,2018,2018-01,22,22,2308.1,553.8499999999999
furniture_mattress_and_upholstery,2018,2018-01,8,8,774.0,331.12
garden_tools,2018,2018-01,234,199,20092.040000000008,5244.209999999999
health_beauty,2018,2018-01,623,567,67452.30000000012,10365.770000000035
home_appliances,2018,2018-01,28,27,1795.0500000000004,399.88
home_appliances_2,2018,2018-01,8,7,1956.1000000000004,196.73999999999998
home_confort,2018,2018-01,17,17,2221.1600000000003,349.11999999999995
home_construction,2018,2018-01,40,26,5064.08,766.9999999999999
housewares,2018,2018-01,345,310,32058.590000000062,6765.429999999999
industry_commerce_and_business,2018,2018-01,17,14,1700.2,393.71999999999997
kitchen_dining_laundry_garden_furniture,2018,2018-01,13,13,2452.6000000000004,494.85999999999996
la_cuisine,2018,2018-01,1,1,112.0,18.03
luggage_accessories,2018,2018-01,120,115,16355.36999999998,2719.54
market_place,2018,2018-01,14,12,818.72,228.04
music,2018,2018-01,1,1,24.97,15.1
musical_instruments,2018,2018-01,46,44,7352.579999999998,873.7000000000002
office_furniture,2018,2018-01,129,94,16683.759999999987,4159.6600000000035
party_supplies,2018,2018-01,2,2,135.8,34.46
perfumery,2018,2018-01,229,213,20036.89000000001,3347.5800000000004
pet_shop,2018,2018-01,89,76,10766.959999999988,1727.8699999999994
signaling_and_security,2018,2018-01,8,7,1048.79,247.18
small_appliances,2018,2018-01,48,45,8885.229999999998,963.6200000000003
small_appliances_home_oven_and_coffee,2018,2018-01,1,1,369.99,15.14
sports_leisure,2018,2018-01,631,566,67434.46000000018,11282.770000000006
stationery,2018,2018-01,397,379,41023.91000000008,7009.880000000005
tablets_printing_image,2018,2018-01,3,3,161.8,24.97
telephony,2018,2018-01,369,344,13961.979999999936,5422.150000000009
toys,2018,2018-01,160,153,19121.629999999997,2563.3300000000004
watches_gifts,2018,2018-01,344,311,52408.45000000007,5340.2900000000045
NULL,2018,2018-01,207,183,22190.55000000003,3068.0700000000006
agro_industry_and_commerce,2018,2018-02,26,20,6464.3,632.8099999999998
air_conditioning,2018,2018-02,11,10,1926.89,197.19000000000003
art,2018,2018-02,13,12,1251.71,309.11999999999995
audio,2018,2018-02,15,15,2828.49,210.09
auto,2018,2018-02,310,294,33940.9600000001,5860.140000000003
baby,2018,2018-02,166,159,15587.12999999998,2983.3599999999997
bed_bath_table,2018,2018-02,690,593,60690.880000000245,11323.500000000013
books_general_interest,2018,2018-02,28,28,1827.7500000000002,381.37
books_imported,2018,2018-02,3,3,325.0,26.54
books_technical,2018,2018-02,26,23,1411.21,356.5
christmas_supplies,2018,2018-02,24,17,2059.6500000000005,611.6999999999999
cine_photo,2018,2018-02,2,2,227.99,44.13
computers_accessories,2018,2018-02,972,795,96293.3299999998,16882.410000000047
consoles_games,2018,2018-02,43,42,5144.619999999999,712.8600000000001
construction_tools_construction,2018,2018-02,68,53,8279.969999999996,1119.78
construction_tools_lights,2018,2018-02,16,8,1360.8000000000002,286.77
construction_tools_safety,2018,2018-02,6,5,1207.02,96.16
cool_stuff,2018,2018-02,187,182,31002.210000000083,3698.1399999999994
costruction_tools_garden,2018,2018-02,20,14,1538.25,341.85
costruction_tools_tools,2018,2018-02,12,11,1318.2000000000003,221.62
diapers_and_hygiene,2018,2018-02,4,1,100.0,50.76
drinks,2018,2018-02,32,27,1967.4400000000003,451.84000000000003
dvds_blu_ray,2018,2018-02,1,1,24.9,17.63
electronics,2018,2018-02,332,301,14780.599999999946,5315.140000000006
fashio_female_clothing,2018,2018-02,1,1,29.99,15.1
fashion_bags_accessories,2018,2018-02,104,99,7766.839999999992,1536.6499999999985
fashion_male_clothing,2018,2018-02,3,3,388.09000000000003,58.77
fashion_shoes,2018,2018-02,11,10,1033.7,217.82
fashion_underwear_beach,2018,2018-02,7,7,399.29999999999995,105.99
fixed_telephony,2018,2018-02,8,7,697.69,103.16999999999999
flowers,2018,2018-02,4,4,134.48000000000002,53.22
food,2018,2018-02,39,31,1933.4200000000005,503.77000000000004
food_drink,2018,2018-02,24,21,1059.1,328.2399999999999
furniture_bedroom,2018,2018-02,7,6,895.8,218.73999999999998
furniture_decor,2018,2018-02,430,339,36072.930000000146,7954.9399999999905
furniture_living_room,2018,2018-02,22,17,2562.7799999999997,698.9099999999999
furniture_mattress_and_upholstery,2018,2018-02,5,5,344.7,233.57999999999998
garden_tools,2018,2018-02,289,225,22824.23000000002,6236.559999999994
health_beauty,2018,2018-02,657,596,77259.79999999994,10781.88000000002
home_appliances,2018,2018-02,46,45,3131.7400000000002,698.06
home_appliances_2,2018,2018-02,15,15,3191.8399999999997,578.8199999999999
home_comfort_2,2018,2018-02,3,2,38.7,45.3
home_confort,2018,2018-02,21,20,3012.7600000000007,385.11
home_construction,2018,2018-02,38,31,4562.08,690.4200000000004
housewares,2018,2018-02,386,328,30446.250000000076,7022.740000000003
industry_commerce_and_business,2018,2018-02,36,28,3987.59,762.1300000000002
kitchen_dining_laundry_garden_furniture,2018,2018-02,11,9,952.26,294.09000000000003
luggage_accessories,2018,2018-02,44,42,4757.359999999999,907.1500000000002
market_place,2018,2018-02,28,20,1920.9200000000003,445.41999999999996
music,2018,2018-02,2,2,244.97,32.27
musical_instruments,2018,2018-02,39,36,6410.529999999999,668.46
office_furniture,2018,2018-02,92,63,14366.219999999988,2945.1300000000006
perfumery,2018,2018-02,215,198,20632.700000000023,2945.239999999999
pet_shop,2018,2018-02,100,87,9321.029999999988,1924.8200000000013
signaling_and_security,2018,2018-02,15,10,715.79,271.88
small_appliances,2018,2018-02,31,29,3346.110000000001,585.4099999999999
small_appliances_home_oven_and_coffee,2018,2018-02,1,1,24.9,11.85
sports_leisure,2018,2018-02,641,575,68722.66000000013,11284.780000000028
stationery,2018,2018-02,159,144,11889.099999999984,2592.8899999999967
tablets_printing_image,2018,2018-02,13,12,694.97,171.51999999999998
telephony,2018,2018-02,359,333,14105.239999999938,4886.1900000000105
toys,2018,2018-02,144,135,12931.039999999979,2152.52
watches_gifts,2018,2018-02,321,301,50915.610000000066,5322.170000000004
NULL,2018,2018-02,119,109,12465.939999999993,1863.419999999998
agro_industry_and_commerce,2018,2018-03,27,24,5078.5,526.63
air_conditioning,2018,2018-03,25,24,2667.58,541.2900000000001
art,2018,2018-03,7,7,461.5,120.16000000000001
audio,2018,2018-03,34,33,10606.689999999999,657.6800000000001
auto,2018,2018-03,331,312,39326.710000000094,6663.409999999991
baby,2018,2018-03,198,192,19087.840000000004,3876.409999999999
bed_bath_table,2018,2018-03,795,667,68720.00000000022,14567.029999999997
books_general_interest,2018,2018-03,39,34,1711.9300000000007,576.73
books_imported,2018,2018-03,3,2,259.0,25.69
books_technical,2018,2018-03,17,17,913.4699999999999,318.99999999999994
christmas_supplies,2018,2018-03,11,11,659.45,264.75
cine_photo,2018,2018-03,7,6,711.79,134.75
computers_accessories,2018,2018-03,746,626,76896.33000000002,14367.370000000015
consoles_games,2018,2018-03,52,48,4226.1399999999985,976.67
construction_tools_construction,2018,2018-03,67,48,7642.38,1544.8199999999995
construction_tools_lights,2018,2018-03,11,10,2036.7000000000003,413.16
construction_tools_safety,2018,2018-03,21,12,4138.88,392.16999999999996
cool_stuff,2018,2018-03,250,236,35780.63000000006,4903.720000000002
costruction_tools_garden,2018,2018-03,23,20,2497.2299999999996,474.14
costruction_tools_tools,2018,2018-03,9,8,931.3,223.46999999999997
diapers_and_hygiene,2018,2018-03,6,2,163.0,85.61000000000001
drinks,2018,2018-03,21,20,962.7,305.81999999999994
dvds_blu_ray,2018,2018-03,2,2,49.8,39.91
electronics,2018,2018-03,260,243,10121.19999999997,4239.309999999995
fashio_female_clothing,2018,2018-03,4,1,119.96,34.56
fashion_bags_accessories,2018,2018-03,138,130,9562.579999999989,2478.5699999999993
fashion_childrens_clothes,2018,2018-03,2,2,79.98,16.58
fashion_shoes,2018,2018-03,12,12,1252.8000000000002,272.42
fashion_sport,2018,2018-03,1,1,89.9,7.49
fashion_underwear_beach,2018,2018-03,5,5,289.4,79.01
fixed_telephony,2018,2018-03,14,12,1930.5900000000001,270.25
flowers,2018,2018-03,3,3,89.67,46.74
food,2018,2018-03,35,33,1559.9000000000005,508.69000000000017
food_drink,2018,2018-03,18,16,1650.8700000000003,251.85999999999999
furniture_bedroom,2018,2018-03,6,6,1071.8,193.89
furniture_decor,2018,2018-03,576,429,48306.44000000017,11838.62
furniture_living_room,2018,2018-03,18,18,3211.879999999999,596.5699999999999
furniture_mattress_and_upholstery,2018,2018-03,4,4,440.0,144.93
garden_tools,2018,2018-03,250,193,21178.450000000055,5478.51
health_beauty,2018,2018-03,657,607,77907.73000000005,11990.739999999963
home_appliances,2018,2018-03,65,65,5316.59,1237.5600000000002
home_appliances_2,2018,2018-03,9,9,2389.2000000000003,277.49
home_comfort_2,2018,2018-03,1,1,34.99,9.34
home_confort,2018,2018-03,21,21,2522.3800000000006,538.24
home_construction,2018,2018-03,41,31,4381.519999999998,825.2399999999998
housewares,2018,2018-03,392,325,32241.47000000009,7776.039999999995
industry_commerce_and_business,2018,2018-03,28,25,2784.45,614.4200000000001
kitchen_dining_laundry_garden_furniture,2018,2018-03,8,8,1200.66,263.24000000000007
la_cuisine,2018,2018-03,1,1,389.0,37.7
luggage_accessories,2018,2018-03,52,48,4887.089999999998,1105.96
market_place,2018,2018-03,17,16,1548.7400000000002,306.44999999999993
music,2018,2018-03,2,2,323.97,38.39
musical_instruments,2018,2018-03,47,45,5020.519999999999,837.39
office_furniture,2018,2018-03,174,130,25780.94000000005,5918.649999999999
party_supplies,2018,2018-03,6,5,913.9,156.39
perfumery,2018,2018-03,202,186,20473.25000000001,3340.8599999999997
pet_shop,2018,2018-03,121,107,12664.789999999983,2451.57
signaling_and_security,2018,2018-03,9,7,921.9,157.66
small_appliances,2018,2018-03,29,28,4720.1500000000015,498.84
small_appliances_home_oven_and_coffee,2018,2018-03,2,2,793.9,69.99
sports_leisure,2018,2018-03,749,660,77387.11000000002,13616.319999999972
stationery,2018,2018-03,164,146,13152.73999999998,2898.3899999999994
tablets_printing_image,2018,2018-03,3,2,259.29,28.0
telephony,2018,2018-03,332,317,14253.899999999941,5171.449999999997
toys,2018,2018-03,228,216,19210.000000000015,3897.630000000002
watches_gifts,2018,2018-03,406,392,73007.89000000006,7710.079999999992
NULL,2018,2018-03,131,123,15410.439999999993,2256.8300000000004
agro_industry_and_commerce,2018,2018-04,11,11,3024.4,240.70999999999998
air_conditioning,2018,2018-04,21,20,2422.7900000000004,461.0800000000001
art,2018,2018-04,26,26,2140.2799999999997,482.7599999999999
arts_and_craftmanship,2018,2018-04,1,1,15.99,18.23
audio,2018,2018-04,31,30,7045.069999999998,526.39
auto,2018,2018-04,348,328,41569.560000000114,6881.930000000002
baby,2018,2018-04,216,194,23302.040000000037,4375.060000000001
bed_bath_table,2018,2018-04,738,600,67371.79000000021,13460.070000000016
books_general_interest,2018,2018-04,50,43,6295.509999999996,913.6399999999999
books_imported,2018,2018-04,4,4,317.99,34.379999999999995
books_technical,2018,2018-04,23,23,1172.1,404.3599999999999
cds_dvds_musicals,2018,2018-04,1,1,65.0,52.58
christmas_supplies,2018,2018-04,12,9,275.15,243.43
cine_photo,2018,2018-04,5,5,521.74,99.39
computers,2018,2018-04,4,3,2437.0,127.78000000000002
computers_accessories,2018,2018-04,536,474,54695.31000000008,9733.219999999992
consoles_games,2018,2018-04,44,39,4286.519999999998,765.8999999999997
construction_tools_construction,2018,2018-04,86,74,9626.129999999996,1735.3199999999995
construction_tools_lights,2018,2018-04,47,37,4962.669999999999,864.8299999999997
construction_tools_safety,2018,2018-04,23,22,2809.36,473.24
cool_stuff,2018,2018-04,198,186,30235.660000000076,4306.810000000001
costruction_tools_garden,2018,2018-04,16,11,1067.0100000000002,310.94000000000005
costruction_tools_tools,2018,2018-04,17,16,1332.9899999999998,318.93
diapers_and_hygiene,2018,2018-04,4,4,149.0,51.57
drinks,2018,2018-04,54,29,5016.439999999998,897.7800000000002
dvds_blu_ray,2018,2018-04,5,4,92.5,175.17
electronics,2018,2018-04,211,200,8818.429999999982,3591.839999999998
fashio_female_clothing,2018,2018-04,5,1,174.95000000000002,43.2
fashion_bags_accessories,2018,2018-04,104,94,8087.049999999987,1692.7800000000002
fashion_male_clothing,2018,2018-04,1,1,195.0,39.42
fashion_shoes,2018,2018-04,11,11,1438.7,279.27
fashion_sport,2018,2018-04,1,1,89.9,15.51
fashion_underwear_beach,2018,2018-04,6,6,359.4,80.78
fixed_telephony,2018,2018-04,11,10,1921.94,205.73999999999995
flowers,2018,2018-04,3,3,158.4,36.09
food,2018,2018-04,40,36,1665.4300000000007,554.5600000000002
food_drink,2018,2018-04,18,16,605.0699999999999,279.96
furniture_bedroom,2018,2018-04,6,5,1132.9,215.01
furniture_decor,2018,2018-04,586,458,53454.77000000025,10848.51
furniture_living_room,2018,2018-04,32,23,4308.749999999999,930.6199999999998
garden_tools,2018,2018-04,276,226,22971.740000000053,4649.630000000001
health_beauty,2018,2018-04,677,609,77548.39000000004,12336.259999999975
home_appliances,2018,2018-04,98,98,7621.249999999996,1635.900000000001
home_appliances_2,2018,2018-04,12,12,4197.6900000000005,393.83000000000004
home_comfort_2,2018,2018-04,1,1,12.9,5.86
home_confort,2018,2018-04,18,15,1939.4000000000008,334.86000000000007
home_construction,2018,2018-04,72,55,6206.79,1218.8500000000001
housewares,2018,2018-04,458,407,41837.74000000011,9136.829999999996
industry_commerce_and_business,2018,2018-04,52,47,5491.61,1117.85
kitchen_dining_laundry_garden_furniture,2018,2018-04,14,13,1290.8799999999999,284.91
la_cuisine,2018,2018-04,2,1,280.0,54.12
luggage_accessories,2018,2018-04,51,48,5843.779999999998,1104.9800000000002
market_place,2018,2018-04,15,15,627.2299999999999,217.59999999999997
music,2018,2018-04,4,4,530.89,67.05
musical_instruments,2018,2018-04,51,48,6976.419999999997,1004.6799999999998
office_furniture,2018,2018-04,108,73,15452.649999999985,3831.6400000000003
party_supplies,2018,2018-04,2,1,43.8,36.46
perfumery,2018,2018-04,175,160,17790.309999999994,2713.9300000000007
pet_shop,2018,2018-04,164,148,16698.409999999985,3062.9900000000007
signaling_and_security,2018,2018-04,33,20,1352.3000000000002,494.8499999999999
small_appliances,2018,2018-04,61,55,4988.849999999998,979.0400000000002
small_appliances_home_oven_and_coffee,2018,2018-04,5,5,2116.98,167.71
sports_leisure,2018,2018-04,594,526,63105.60000000018,11054.839999999993
stationery,2018,2018-04,155,131,11701.34999999998,2606.920000000001
tablets_printing_image,2018,2018-04,1,1,52.0,18.24
telephony,2018,2018-04,281,247,12609.849999999955,4094.1299999999947
toys,2018,2018-04,197,188,18763.880000000005,3763.569999999997
watches_gifts,2018,2018-04,485,453,73377.87000000004,7091.169999999996
NULL,2018,2018-04,76,74,8240.659999999996,1375.7500000000002
agro_industry_and_commerce,2018,2018-05,7,7,2099.75,134.58
air_conditioning,2018,2018-05,15,14,2051.2,399.53
art,2018,2018-05,36,35,2691.8599999999997,565.22
arts_and_craftmanship,2018,2018-05,1,1,89.8,11.25
audio,2018,2018-05,21,20,2697.68,346.86
auto,2018,2018-05,294,282,31662.760000000108,5581.109999999993
baby,2018,2018-05,231,211,22796.04000000004,4342.700000000002
bed_bath_table,2018,2018-05,736,596,66111.94000000019,12458.13999999999
books_general_interest,2018,2018-05,52,50,5494.129999999998,842.8900000000002
books_imported,2018,2018-05,10,9,410.92,114.79
books_technical,2018,2018-05,56,55,3055.4799999999996,868.0999999999999
christmas_supplies,2018,2018-05,6,6,524.5300000000001,148.21
cine_photo,2018,2018-05,17,16,1403.3,244.88999999999996
computers,2018,2018-05,9,4,5599.919999999999,336.8399999999999
computers_accessories,2018,2018-05,452,399,40657.170000000166,7808.299999999991
consoles_games,2018,2018-05,53,39,4065.0699999999993,978.0699999999999
construction_tools_construction,2018,2018-05,119,84,13598.609999999991,2245.6699999999987
construction_tools_lights,2018,2018-05,40,31,5247.809999999999,767.07
construction_tools_safety,2018,2018-05,28,24,5235.52,532.8999999999999
cool_stuff,2018,2018-05,171,164,27870.240000000056,3601.0899999999983
costruction_tools_garden,2018,2018-05,15,12,1031.8100000000002,260.23
costruction_tools_tools,2018,2018-05,5,5,417.9,88.36000000000001
diapers_and_hygiene,2018,2018-05,3,3,117.0,42.650000000000006
drinks,2018,2018-05,48,34,2790.9800000000005,772.85
dvds_blu_ray,2018,2018-05,7,6,439.94,120.22000000000001
electronics,2018,2018-05,232,220,11298.289999999977,3705.439999999999
fashion_bags_accessories,2018,2018-05,109,104,9340.15999999999,1644.1300000000006
fashion_male_clothing,2018,2018-05,1,1,129.99,19.88
fashion_shoes,2018,2018-05,10,10,1582.7000000000005,205.86999999999998
fashion_underwear_beach,2018,2018-05,6,5,207.4,93.06
fixed_telephony,2018,2018-05,17,12,1946.1,276.15000000000003
flowers,2018,2018-05,1,1,16.4,19.32
food,2018,2018-05,44,36,1542.9300000000005,536.5500000000001
food_drink,2018,2018-05,25,15,1239.44,435.2999999999999
furniture_bedroom,2018,2018-05,4,3,547.98,165.27
furniture_decor,2018,2018-05,590,450,51020.85000000017,10069.959999999988
furniture_living_room,2018,2018-05,13,11,2134.1000000000004,304.19
garden_tools,2018,2018-05,282,221,23862.180000000073,4655.839999999997
health_beauty,2018,2018-05,747,664,74975.4100000001,12211.389999999985
home_appliances,2018,2018-05,62,61,4041.670000000001,1089.7899999999997
home_appliances_2,2018,2018-05,15,15,4496.359999999999,453.99
home_confort,2018,2018-05,21,18,2556.6000000000004,317.78000000000003
home_construction,2018,2018-05,77,61,8283.539999999999,1245.5200000000002
housewares,2018,2018-05,600,475,56392.91000000012,11597.73999999998
industry_commerce_and_business,2018,2018-05,41,35,3890.99,1090.98
kitchen_dining_laundry_garden_furniture,2018,2018-05,9,7,830.4899999999999,223.44000000000003
luggage_accessories,2018,2018-05,46,41,6101.559999999998,1308.7099999999998
market_place,2018,2018-05,14,13,957.45,229.33999999999995
music,2018,2018-05,5,5,729.0,98.4
musical_instruments,2018,2018-05,52,50,6560.299999999998,856.3699999999998
office_furniture,2018,2018-05,94,72,16523.339999999982,3268.0700000000015
party_supplies,2018,2018-05,4,3,100.69999999999999,69.74
perfumery,2018,2018-05,197,179,24074.72000000003,3130.1599999999994
pet_shop,2018,2018-05,136,127,11708.459999999985,2375.6100000000024
signaling_and_security,2018,2018-05,6,5,484.5,106.27000000000001
small_appliances,2018,2018-05,42,34,4576.089999999998,701.36
small_appliances_home_oven_and_coffee,2018,2018-05,1,1,579.0,65.34
sports_leisure,2018,2018-05,483,443,51895.70000000007,8643.949999999997
stationery,2018,2018-05,126,121,10566.48999999999,2093.4099999999994
tablets_printing_image,2018,2018-05,1,1,49.9,8.29
telephony,2018,2018-05,246,233,12879.509999999964,3836.0499999999975
toys,2018,2018-05,207,200,23778.560000000027,3764.709999999999
watches_gifts,2018,2018-05,608,569,95374.5999999998,8023.559999999996
NULL,2018,2018-05,42,37,2957.4399999999987,758.6900000000002
agro_industry_and_commerce,2018,2018-06,8,8,2161.8,220.61999999999998
air_conditioning,2018,2018-06,14,8,1968.9,485.32000000000005
art,2018,2018-06,28,28,2500.1400000000003,519.04
audio,2018,2018-06,20,19,1830.6899999999998,397.7
auto,2018,2018-06,282,255,27458.430000000073,5573.030000000002
baby,2018,2018-06,209,191,21574.26000000004,4563.769999999999
bed_bath_table,2018,2018-06,758,643,65442.47000000026,15209.730000000009
books_general_interest,2018,2018-06,39,33,3345.390000000001,613.2299999999998
books_imported,2018,2018-06,9,9,468.16999999999996,137.98999999999998
books_technical,2018,2018-06,26,26,1747.4300000000005,437.15999999999985
christmas_supplies,2018,2018-06,7,6,306.19,170.52
cine_photo,2018,2018-06,13,9,435.84999999999997,173.50999999999996
computers,2018,2018-06,4,2,2537.0,107.99
computers_accessories,2018,2018-06,398,349,37969.4700000001,8147.620000000006
consoles_games,2018,2018-06,41,40,3705.01,680.88
construction_tools_construction,2018,2018-06,107,102,13399.719999999992,2185.8600000000006
construction_tools_lights,2018,2018-06,42,33,4123.41,792.3700000000002
construction_tools_safety,2018,2018-06,16,16,2565.3700000000003,407.51
cool_stuff,2018,2018-06,99,96,15547.979999999987,2460.6600000000008
costruction_tools_garden,2018,2018-06,10,10,544.44,178.22
costruction_tools_tools,2018,2018-06,4,4,527.0,96.81
diapers_and_hygiene,2018,2018-06,7,7,321.0,106.69999999999999
drinks,2018,2018-06,33,30,1567.0700000000002,486.3299999999999
dvds_blu_ray,2018,2018-06,6,5,382.88,122.15
electronics,2018,2018-06,191,174,9664.569999999987,3281.5099999999993
fashion_bags_accessories,2018,2018-06,87,82,7869.949999999992,1518.4099999999999
fashion_childrens_clothes,2018,2018-06,1,1,89.99,7.49
fashion_male_clothing,2018,2018-06,7,6,447.79999999999995,106.63
fashion_shoes,2018,2018-06,10,10,1230.58,219.6
fashion_underwear_beach,2018,2018-06,7,3,129.3,107.46000000000001
fixed_telephony,2018,2018-06,17,15,2080.32,342.20000000000005
flowers,2018,2018-06,2,1,108.0,32.7
food,2018,2018-06,24,24,1371.18,322.41
food_drink,2018,2018-06,11,9,293.84999999999997,218.95999999999998
furniture_bedroom,2018,2018-06,9,8,1559.99,381.83000000000004
furniture_decor,2018,2018-06,391,305,35806.58000000013,9053.910000000003
furniture_living_room,2018,2018-06,27,25,2861.82,760.8100000000001
garden_tools,2018,2018-06,174,139,15311.739999999978,4042.209999999997
health_beauty,2018,2018-06,856,770,88162.89000000006,15402.010000000006
home_appliances,2018,2018-06,66,66,5253.639999999998,1268.54
home_appliances_2,2018,2018-06,13,12,1821.7400000000005,291.83
home_comfort_2,2018,2018-06,2,1,25.8,25.58
home_confort,2018,2018-06,15,15,2167.4900000000002,239.64999999999998
home_construction,2018,2018-06,67,57,8226.599999999997,1422.1600000000008
housewares,2018,2018-06,552,438,44285.97000000013,10794.7
industry_commerce_and_business,2018,2018-06,26,21,2609.9,924.02
kitchen_dining_laundry_garden_furniture,2018,2018-06,26,18,2600.4400000000005,752.7600000000003
luggage_accessories,2018,2018-06,32,32,3557.8900000000003,731.16
market_place,2018,2018-06,7,7,556.46,122.33
music,2018,2018-06,3,3,109.08,60.48
musical_instruments,2018,2018-06,35,34,4200.35,722.24
office_furniture,2018,2018-06,62,47,8907.359999999991,2009.0100000000004
party_supplies,2018,2018-06,2,2,84.80000000000001,27.58
perfumery,2018,2018-06,187,167,27132.87000000004,3495.6699999999996
pet_shop,2018,2018-06,172,145,16162.879999999981,3472.880000000002
signaling_and_security,2018,2018-06,24,16,5190.189999999999,707.0099999999999
small_appliances,2018,2018-06,38,34,4682.699999999999,857.3799999999999
sports_leisure,2018,2018-06,417,368,41920.220000000096,8126.6499999999905
stationery,2018,2018-06,163,141,11635.229999999983,2791.83
tablets_printing_image,2018,2018-06,1,1,50.0,22.85
telephony,2018,2018-06,207,193,10596.289999999972,3371.1700000000005
toys,2018,2018-06,185,172,16974.659999999993,3645.529999999998
watches_gifts,2018,2018-06,460,427,68726.92000000006,8405.67
NULL,2018,2018-06,23,22,2387.1299999999997,418.57
agro_industry_and_commerce,2018,2018-07,27,26,5701.04,729.1900000000002
air_conditioning,2018,2018-07,16,14,2117.8599999999997,375.7
art,2018,2018-07,21,21,1843.2,422.53000000000003
arts_and_craftmanship,2018,2018-07,11,10,654.5699999999999,150.03000000000003
audio,2018,2018-07,22,21,2062.640000000001,346.3599999999999
auto,2018,2018-07,329,314,31304.490000000107,6328.0599999999995
baby,2018,2018-07,211,199,17685.569999999978,4286.3600000000015
bed_bath_table,2018,2018-07,611,507,49514.40000000023,12605.78
books_general_interest,2018,2018-07,25,25,4077.45,418.71
books_imported,2018,2018-07,8,6,402.78,113.83000000000001
books_technical,2018,2018-07,28,28,2106.81,498.6
christmas_supplies,2018,2018-07,8,8,509.55999999999995,152.09999999999997
cine_photo,2018,2018-07,6,6,502.54999999999995,66.06
computers,2018,2018-07,3,3,1790.0,100.06
computers_accessories,2018,2018-07,422,384,38931.91000000009,8322.199999999997
consoles_games,2018,2018-07,48,48,7690.109999999994,991.4299999999997
construction_tools_construction,2018,2018-07,110,94,11567.869999999997,2080.6699999999996
construction_tools_lights,2018,2018-07,52,37,5554.619999999999,1118.6099999999997
construction_tools_safety,2018,2018-07,15,15,1888.9499999999998,253.94999999999996
cool_stuff,2018,2018-07,108,106,14910.639999999985,2399.7700000000004
costruction_tools_garden,2018,2018-07,24,19,1828.4700000000003,528.5699999999999
costruction_tools_tools,2018,2018-07,9,8,1404.2,177.63
diapers_and_hygiene,2018,2018-07,4,4,149.8,88.11
drinks,2018,2018-07,17,17,1335.1700000000003,298.03
dvds_blu_ray,2018,2018-07,1,1,83.99,12.89
electronics,2018,2018-07,159,145,11150.749999999982,2661.5699999999997
fashion_bags_accessories,2018,2018-07,76,75,5412.869999999995,1234.0799999999997
fashion_male_clothing,2018,2018-07,5,5,208.7,86.97999999999999
fashion_shoes,2018,2018-07,5,5,820.1899999999999,165.25
fashion_underwear_beach,2018,2018-07,2,2,109.8,31.53
fixed_telephony,2018,2018-07,6,6,864.39,146.69
flowers,2018,2018-07,2,2,47.989999999999995,35.370000000000005
food,2018,2018-07,64,59,3378.1699999999996,1023.2500000000001
food_drink,2018,2018-07,18,15,813.73,351.2400000000002
furniture_bedroom,2018,2018-07,9,6,1217.9,364.09999999999997
furniture_decor,2018,2018-07,420,328,40177.81000000013,9866.419999999995
furniture_living_room,2018,2018-07,48,44,4183.7599999999975,1261.0400000000004
furniture_mattress_and_upholstery,2018,2018-07,1,1,129.9,11.93
garden_tools,2018,2018-07,165,140,16634.999999999985,3913.939999999995
health_beauty,2018,2018-07,761,690,88966.30000000018,14544.600000000022
home_appliances,2018,2018-07,79,79,5290.629999999999,1251.0499999999997
home_appliances_2,2018,2018-07,14,13,2149.03,455.26000000000005
home_comfort_2,2018,2018-07,3,2,38.7,46.74
home_confort,2018,2018-07,24,24,2984.380000000001,575.8800000000001
home_construction,2018,2018-07,59,56,6430.149999999998,1365.6000000000004
housewares,2018,2018-07,546,445,49490.53000000013,11397.939999999986
industry_commerce_and_business,2018,2018-07,11,10,1494.21,432.5799999999999
kitchen_dining_laundry_garden_furniture,2018,2018-07,20,18,2287.1500000000005,548.2600000000001
luggage_accessories,2018,2018-07,52,51,5274.22,1115.13
market_place,2018,2018-07,4,4,186.78,90.56
music,2018,2018-07,2,2,85.80000000000001,25.97
musical_instruments,2018,2018-07,32,30,4441.930000000001,783.7500000000001
office_furniture,2018,2018-07,70,54,10567.579999999985,2576.8
party_supplies,2018,2018-07,2,2,57.5,26.86
perfumery,2018,2018-07,202,171,20361.909999999996,3108.030000000002
pet_shop,2018,2018-07,152,132,15625.139999999978,3255.32
signaling_and_security,2018,2018-07,22,17,2540.19,482.45000000000005
small_appliances,2018,2018-07,37,31,4469.389999999999,693.03
small_appliances_home_oven_and_coffee,2018,2018-07,11,10,1519.67,209.95999999999998
sports_leisure,2018,2018-07,452,403,43878.300000000134,9178.619999999992
stationery,2018,2018-07,189,167,16139.189999999979,3936.5499999999984
telephony,2018,2018-07,214,195,16755.779999999973,3659.949999999998
toys,2018,2018-07,154,148,16797.399999999976,3186.900000000001
watches_gifts,2018,2018-07,508,495,75065.30000000003,9307.20999999999
NULL,2018,2018-07,56,49,4841.14,988.6599999999996
agro_industry_and_commerce,2018,2018-08,15,12,2126.0899999999997,305.03000000000003
air_conditioning,2018,2018-08,20,16,3327.9000000000005,368.00999999999993
art,2018,2018-08,18,18,1481.3899999999999,294.51000000000005
arts_and_craftmanship,2018,2018-08,8,8,663.76,98.57
audio,2018,2018-08,26,24,2069.4000000000005,399.7
auto,2018,2018-08,364,339,30939.660000000116,6926.450000000006
baby,2018,2018-08,209,199,18125.959999999992,3965.4500000000016
bed_bath_table,2018,2018-08,643,544,52213.70000000011,12707.57000000001
books_general_interest,2018,2018-08,36,34,1564.7800000000009,512.2099999999999
books_technical,2018,2018-08,29,28,1483.7900000000002,377.5899999999999
christmas_supplies,2018,2018-08,10,10,269.37,140.68
cine_photo,2018,2018-08,10,9,685.28,133.01000000000002
computers,2018,2018-08,5,4,2514.5,176.07
computers_accessories,2018,2018-08,414,379,38176.94000000011,7503.1
consoles_games,2018,2018-08,62,56,4824.489999999998,1003.7499999999999
construction_tools_construction,2018,2018-08,157,119,15766.559999999985,2755.0699999999993
construction_tools_lights,2018,2018-08,58,52,7416.779999999999,1333.8999999999999
construction_tools_safety,2018,2018-08,25,21,3673.94,442.3199999999999
cool_stuff,2018,2018-08,118,115,13981.289999999988,2316.0
costruction_tools_garden,2018,2018-08,20,16,1458.9600000000005,410.03000000000003
costruction_tools_tools,2018,2018-08,14,14,1255.7700000000002,241.26999999999998
diapers_and_hygiene,2018,2018-08,3,3,231.89,45.040000000000006
drinks,2018,2018-08,30,25,1477.2300000000002,440.79000000000013
dvds_blu_ray,2018,2018-08,1,1,8.9,7.39
electronics,2018,2018-08,118,113,8411.479999999996,2017.4200000000005
fashio_female_clothing,2018,2018-08,3,2,129.97,39.16
fashion_bags_accessories,2018,2018-08,127,122,8177.429999999989,1858.32
fashion_male_clothing,2018,2018-08,3,3,381.69,85.29
fashion_shoes,2018,2018-08,2,2,250.6,37.22
fashion_sport,2018,2018-08,1,1,69.9,13.15
fashion_underwear_beach,2018,2018-08,2,2,219.9,26.86
fixed_telephony,2018,2018-08,8,8,1098.19,114.86
food,2018,2018-08,116,103,8256.179999999991,1420.240000000001
food_drink,2018,2018-08,21,16,1028.6100000000001,311.78
furniture_bedroom,2018,2018-08,9,7,1719.0,376.1499999999999
furniture_decor,2018,2018-08,417,331,37004.25000000008,9190.849999999986
furniture_living_room,2018,2018-08,36,34,3897.7399999999993,1090.0200000000002
garden_tools,2018,2018-08,129,113,11967.359999999984,3278.35
health_beauty,2018,2018-08,817,746,95071.77999999987,14328.079999999996
home_appliances,2018,2018-08,64,63,4494.399999999999,1284.1
home_appliances_2,2018,2018-08,9,9,2415.8,258.64000000000004
home_confort,2018,2018-08,16,15,2241.28,330.6
home_construction,2018,2018-08,46,43,5986.159999999999,1112.4499999999996
housewares,2018,2018-08,602,536,47052.30000000014,11214.000000000007
industry_commerce_and_business,2018,2018-08,9,8,1134.6899999999998,336.69
kitchen_dining_laundry_garden_furniture,2018,2018-08,20,19,1787.4700000000005,466.2799999999999
luggage_accessories,2018,2018-08,65,63,6718.009999999996,1324.2199999999996
market_place,2018,2018-08,8,8,949.27,158.7
music,2018,2018-08,6,6,497.81,84.8
musical_instruments,2018,2018-08,37,35,4190.470000000001,791.38
office_furniture,2018,2018-08,21,17,3648.4900000000002,632.1000000000001
party_supplies,2018,2018-08,14,14,1285.2900000000002,305.13
perfumery,2018,2018-08,221,205,23651.730000000047,3577.0000000000005
pet_shop,2018,2018-08,191,159,18140.070000000003,3433.109999999998
signaling_and_security,2018,2018-08,22,16,1825.5900000000008,333.08000000000004
small_appliances,2018,2018-08,22,22,3460.07,534.21
small_appliances_home_oven_and_coffee,2018,2018-08,15,15,1406.72,267.11
sports_leisure,2018,2018-08,467,428,43231.37000000015,8019.520000000004
stationery,2018,2018-08,170,159,15563.649999999976,3416.960000000002
telephony,2018,2018-08,265,234,27045.7700000001,4677.190000000005
toys,2018,2018-08,165,150,16072.859999999975,2965.119999999999
watches_gifts,2018,2018-08,401,377,54131.77000000006,6679.329999999996
NULL,2018,2018-08,37,35,3377.539999999999,606.72
kitchen_dining_laundry_garden_furniture,2018,2018-09,1,1,145.0,21.46
